序号,raw_name,standard_name,brand,brand_cn,model_canonical,model_display,model_aliases,reference_price,price_note,knowledge_record_id,knowledge_name,match_status,price_alignment,auto_sync_to_kb,review_required,review_reason,action
7,NANORAY Z SPEED BP NRZSPBP 锐速系列,YONEX NANORAY Z SPEED BP,YONEX,尤尼克斯,NANORAY Z SPEED BP,YONEX NANORAY Z SPEED BP,NANORAY Z SPEED BP NRZSPBP 锐速系列；YONEX NANORAY Z SPEED；锐速,680,参考价，非实时成交价；本系统不做交易、库存或下单判断,YONEX-NANORAY-Z-SPEED,YONEX NANORAY Z SPEED,可按基准型号对应,已对应,NO,YES,非精确对应，保留人工复核,已标准化商品名；知识库价格不同步，需人工确认
20,ASTROX 88D PRO BP 88DPROBP 天斧88DPROBP 88DPRO日本限定,YONEX ASTROX 88D PRO,YONEX,尤尼克斯,ASTROX 88D PRO,YONEX ASTROX 88D PRO,ASTROX 88D PRO BP 88DPROBP 天斧88DPROBP 88DPRO日本限定；YONEX ASTROX 88D PRO；ASTROX88D；BP88DPROBP；天斧,1850,参考价，非实时成交价；本系统不做交易、库存或下单判断,YONEX-ASTROX-88D-PRO,YONEX ASTROX 88D PRO,低置信对应-需人工确认,已对应（在知识库价格范围内）,NO,YES,非精确对应，保留人工复核,已标准化商品名；知识库价格不同步，需人工确认
21,ASTROX 88D TOUR BP 88DTOURBP 3AX88DTOURBP,YONEX ASTROX 88D TOUR,YONEX,尤尼克斯,ASTROX 88D TOUR,YONEX ASTROX 88D TOUR,ASTROX 88D TOUR BP 88DTOURBP 3AX88DTOURBP；YONEX ASTROX 88D TOUR；ASTROX88D；BP88DTOURBP,980,参考价，非实时成交价；本系统不做交易、库存或下单判断,YONEX-ASTROX-88D-TOUR,YONEX ASTROX 88D TOUR,低置信对应-需人工确认,已对应（在知识库价格范围内）,NO,YES,非精确对应，保留人工复核,已标准化商品名；知识库价格不同步，需人工确认
22,ASTROX 88S PRO BP 88SPROBP 天斧88SPROBP 88SPRO日本限定,YONEX ASTROX 88S PRO,YONEX,尤尼克斯,ASTROX 88S PRO,YONEX ASTROX 88S PRO,ASTROX 88S PRO BP 88SPROBP 天斧88SPROBP 88SPRO日本限定；YONEX ASTROX 88S PRO；ASTROX88S；BP88SPROBP；天斧,1850,参考价，非实时成交价；本系统不做交易、库存或下单判断,YONEX-ASTROX-88S-PRO,YONEX ASTROX 88S PRO,低置信对应-需人工确认,已对应（在知识库价格范围内）,NO,YES,非精确对应，保留人工复核,已标准化商品名；知识库价格不同步，需人工确认
23,ASTROX 88S TOUR BP 3AX88STOURBP 88STOURBP,YONEX ASTROX 88S TOUR,YONEX,尤尼克斯,ASTROX 88S TOUR,YONEX ASTROX 88S TOUR,ASTROX 88S TOUR BP 3AX88STOURBP 88STOURBP；YONEX ASTROX 88S TOUR；ASTROX88S；BP3AX88STOURBP,980,参考价，非实时成交价；本系统不做交易、库存或下单判断,YONEX-ASTROX-88S-TOUR,YONEX ASTROX 88S TOUR,低置信对应-需人工确认,已对应（在知识库价格范围内）,NO,YES,非精确对应，保留人工复核,已标准化商品名；知识库价格不同步，需人工确认
25,ASTROX ZERO AX,YONEX ASTROX,YONEX,尤尼克斯,ASTROX,YONEX ASTROX,ASTROX ZERO AX；YONEX ASTROX ZERO,399,参考价，非实时成交价；本系统不做交易、库存或下单判断,YONEX-ASTROX-ZERO,YONEX ASTROX ZERO,歧义，需要人工确认,已对应,NO,YES,非精确对应，保留人工复核,已标准化商品名；知识库价格不同步，需人工确认
26,ASTROX 小灰切 ASTROX1小灰切 AX1小灰切 天斧小灰切,YONEX ASTROX,YONEX,尤尼克斯,ASTROX,YONEX ASTROX,ASTROX 小灰切 ASTROX1小灰切 AX1小灰切 天斧小灰切；YONEX ASTROX；天斧,350,参考价，非实时成交价；本系统不做交易、库存或下单判断,YONEX-ASTROX,YONEX ASTROX,精确对应,已对应（在知识库价格范围内）,NO,YES,疑似匹配到系列/泛型号，需人工确认,已标准化商品名；知识库价格不同步，需人工确认
31,Carbonex 23 CAB23,YONEX CARBONEX 23,YONEX,尤尼克斯,CARBONEX 23,YONEX CARBONEX 23,Carbonex 23 CAB23；YONEX CARBONEX 23；CARBONEX23；CAB23,280,参考价，非实时成交价；本系统不做交易、库存或下单判断,YONEX-CARBONEX-23,YONEX CARBONEX 23,模糊对应-建议人工确认,已对应,NO,YES,非精确对应，保留人工复核,已标准化商品名；知识库价格不同步，需人工确认
36,MUSCLE POWER 2JR MP2JR,YONEX MUSCLE POWER 2 JR,YONEX,尤尼克斯,MUSCLE POWER 2 JR,YONEX MUSCLE POWER 2 JR,MUSCLE POWER 2JR MP2JR；YONEX MUSCLE POWER 2 JR；POWER2JR；MP2JR,180,参考价，非实时成交价；本系统不做交易、库存或下单判断,YONEX-MUSCLE-POWER-2-JR,YONEX MUSCLE POWER 2 JR,模糊对应-建议人工确认,已对应,NO,YES,非精确对应，保留人工复核,已标准化商品名；知识库价格不同步，需人工确认
43,天斧ET AXETCR 天斧金切,YONEX ASTROX,YONEX,尤尼克斯,ASTROX,YONEX ASTROX,天斧ET AXETCR 天斧金切；YONEX ASTROX ET；天斧,350,参考价，非实时成交价；本系统不做交易、库存或下单判断,YONEX-ASTROX-ET,YONEX ASTROX ET,歧义，需要人工确认,已对应,NO,YES,非精确对应，保留人工复核,已标准化商品名；知识库价格不同步，需人工确认
44,AEROTUS 66 AR66 AR系列,YONEX AEROTUS 66,YONEX,尤尼克斯,AEROTUS 66,YONEX AEROTUS 66,AEROTUS 66 AR66 AR系列；YONEX AEROTUS 66；AEROTUS66；AR66,400,参考价，非实时成交价；本系统不做交易、库存或下单判断,YONEX-AEROTUS-66,YONEX AEROTUS 66,模糊对应-建议人工确认,已对应,NO,YES,非精确对应，保留人工复核,已标准化商品名；知识库价格不同步，需人工确认
50,Aerotus 77 AR77 AR系列,YONEX AEROTUS 77,YONEX,尤尼克斯,AEROTUS 77,YONEX AEROTUS 77,Aerotus 77 AR77 AR系列；YONEX AEROTUS 77；AEROTUS77；AR77,400,参考价，非实时成交价；本系统不做交易、库存或下单判断,YONEX-AEROTUS-77,YONEX AEROTUS 77,模糊对应-建议人工确认,已对应,NO,YES,非精确对应，保留人工复核,已标准化商品名；知识库价格不同步，需人工确认
51,Aerotus 80 AR,YONEX AEROTUS 80 WIDEBODY,YONEX,尤尼克斯,AEROTUS 80 WIDEBODY,YONEX AEROTUS 80 WIDEBODY,Aerotus 80 AR；YONEX AEROTUS 80 WIDEBODY；AEROTUS80,480,参考价，非实时成交价；本系统不做交易、库存或下单判断,YONEX-AEROTUS-80,YONEX AEROTUS 80 WIDEBODY,模糊对应-建议人工确认,已对应,NO,YES,非精确对应，保留人工复核,已标准化商品名；知识库价格不同步，需人工确认
53,ARMORTEC 150 AT150 AT系列,YONEX ARMORTEC 150,YONEX,尤尼克斯,ARMORTEC 150,YONEX ARMORTEC 150,ARMORTEC 150 AT150 AT系列；YONEX ARMORTEC 150；ARMORTEC150；AT150,550,参考价，非实时成交价；本系统不做交易、库存或下单判断,YONEX-ARMORTEC-150,YONEX ARMORTEC 150,模糊对应-建议人工确认,已对应,NO,YES,非精确对应，保留人工复核,已标准化商品名；知识库价格不同步，需人工确认
55,ARMORTEC 250LTD AT250LTD AT系列,ARMORTEC250 AT250 AT,UNKNOWN,,ARMORTEC250 AT250 AT,ARMORTEC250 AT250 AT,ARMORTEC 250LTD AT250LTD AT系列；YONEX ARMORTEC 250LTD；ARMORTEC250LTD；AT250LTD,650,参考价，非实时成交价；本系统不做交易、库存或下单判断,YONEX-ARMORTEC-250LTD,YONEX ARMORTEC 250LTD,歧义，需要人工确认,已对应,NO,YES,非精确对应，保留人工复核,已标准化商品名；知识库价格不同步，需人工确认
56,ARMORTEC 30 AT30 AT,YONEX ARMORTEC 30,YONEX,尤尼克斯,ARMORTEC 30,YONEX ARMORTEC 30,ARMORTEC 30 AT30 AT；YONEX ARMORTEC 30；ARMORTEC30；AT30,500,参考价，非实时成交价；本系统不做交易、库存或下单判断,YONEX-ARMORTEC-30,YONEX ARMORTEC 30,模糊对应-建议人工确认,已对应,NO,YES,非精确对应，保留人工复核,已标准化商品名；知识库价格不同步，需人工确认
57,ARMORTEC 30 MEGA AT30MEGA AT系列,YONEX ARMORTEC 30,YONEX,尤尼克斯,ARMORTEC 30,YONEX ARMORTEC 30,ARMORTEC 30 MEGA AT30MEGA AT系列；YONEX ARMORTEC 30；ARMORTEC30；AT30MEGA,500,参考价，非实时成交价；本系统不做交易、库存或下单判断,YONEX-ARMORTEC-30,YONEX ARMORTEC 30,模糊对应-建议人工确认,已对应,NO,YES,非精确对应，保留人工复核,已标准化商品名；知识库价格不同步，需人工确认
58,ARMORTEC 300 AT300 AT系列,YONEX ARMORTEC 300,YONEX,尤尼克斯,ARMORTEC 300,YONEX ARMORTEC 300,ARMORTEC 300 AT300 AT系列；YONEX ARMORTEC 300；ARMORTEC300；AT300,780,参考价，非实时成交价；本系统不做交易、库存或下单判断,YONEX-ARMORTEC-300,YONEX ARMORTEC 300,模糊对应-建议人工确认,已对应,NO,YES,非精确对应，保留人工复核,已标准化商品名；知识库价格不同步，需人工确认
60,ARMORTEC 500 AT500 AT系列,YONEX ARMORTEC 500,YONEX,尤尼克斯,ARMORTEC 500,YONEX ARMORTEC 500,ARMORTEC 500 AT500 AT系列；YONEX ARMORTEC 500；ARMORTEC500；AT500,980,参考价，非实时成交价；本系统不做交易、库存或下单判断,YONEX-ARMORTEC-500,YONEX ARMORTEC 500,模糊对应-建议人工确认,已对应,NO,YES,非精确对应，保留人工复核,已标准化商品名；知识库价格不同步，需人工确认
61,ARMORTEC 600 AT600 AT系列,YONEX ARMORTEC 600,YONEX,尤尼克斯,ARMORTEC 600,YONEX ARMORTEC 600,ARMORTEC 600 AT600 AT系列；YONEX ARMORTEC 600；ARMORTEC600；AT600,1200,参考价，非实时成交价；本系统不做交易、库存或下单判断,YONEX-ARMORTEC-600,YONEX ARMORTEC 600,模糊对应-建议人工确认,已对应,NO,YES,非精确对应，保留人工复核,已标准化商品名；知识库价格不同步，需人工确认
62,ARMORTEC 700 AT700 老七 ARMORTEC700 AT系列,YONEX ARMORTEC 700,YONEX,尤尼克斯,ARMORTEC 700,YONEX ARMORTEC 700,ARMORTEC 700 AT700 老七 ARMORTEC700 AT系列；YONEX ARMORTEC 700；ARMORTEC700；AT700,2500,参考价，非实时成交价；本系统不做交易、库存或下单判断,YONEX-ARMORTEC-700,YONEX ARMORTEC 700,模糊对应-建议人工确认,已对应（在知识库价格范围内）,NO,YES,非精确对应，保留人工复核,已标准化商品名；知识库价格不同步，需人工确认
63,ARMORTEC 700 LTD AT700LTD AT700 龙七 AT系列,YONEX ARMORTEC 700,YONEX,尤尼克斯,ARMORTEC 700,YONEX ARMORTEC 700,ARMORTEC 700 LTD AT700LTD AT700 龙七 AT系列；YONEX ARMORTEC 700；ARMORTEC700；AT700LTD；AT700,3800,参考价，非实时成交价；本系统不做交易、库存或下单判断,YONEX-ARMORTEC-700,YONEX ARMORTEC 700,模糊对应-建议人工确认,已对应（在知识库价格范围内）,NO,YES,非精确对应，保留人工复核,已标准化商品名；知识库价格不同步，需人工确认
64,ARMORTEC 700 Premium AT700 ARMORTEC700Premium AT系列,YONEX ARMORTEC 700,YONEX,尤尼克斯,ARMORTEC 700,YONEX ARMORTEC 700,ARMORTEC 700 Premium AT700 ARMORTEC700Premium AT系列；YONEX ARMORTEC 700；ARMORTEC700；AT700；ARMORTEC700PREMIUM,2500,参考价，非实时成交价；本系统不做交易、库存或下单判断,YONEX-ARMORTEC-700,YONEX ARMORTEC 700,模糊对应-建议人工确认,已对应（在知识库价格范围内）,NO,YES,非精确对应，保留人工复核,已标准化商品名；知识库价格不同步，需人工确认
65,ARMORTEC 700 新色 AT700 ARMORTEC700 AT系列,YONEX ARMORTEC 700,YONEX,尤尼克斯,ARMORTEC 700,YONEX ARMORTEC 700,ARMORTEC 700 新色 AT700 ARMORTEC700 AT系列；YONEX ARMORTEC 700；ARMORTEC700；AT700,2800,参考价，非实时成交价；本系统不做交易、库存或下单判断,YONEX-ARMORTEC-700,YONEX ARMORTEC 700,模糊对应-建议人工确认,已对应（在知识库价格范围内）,NO,YES,非精确对应，保留人工复核,已标准化商品名；知识库价格不同步，需人工确认
70,ARMORTEC 900 PLC AT900PLC AT系列,YONEX ARMORTEC 900 TECHNIQUE,YONEX,尤尼克斯,ARMORTEC 900 TECHNIQUE,YONEX ARMORTEC 900 TECHNIQUE,ARMORTEC 900 PLC AT900PLC AT系列；YONEX ARMORTEC 900 TECHNIQUE；ARMORTEC900；AT900PLC,1800,参考价，非实时成交价；本系统不做交易、库存或下单判断,YONEX-ARMORTEC-900,YONEX ARMORTEC 900 TECHNIQUE,模糊对应-建议人工确认,已对应,NO,YES,非精确对应，保留人工复核,已标准化商品名；知识库价格不同步，需人工确认
71,ARMORTEC 900 POWER AT900P AT,YONEX ARMORTEC 900 POWER,YONEX,尤尼克斯,ARMORTEC 900 POWER,YONEX ARMORTEC 900 POWER,ARMORTEC 900 POWER AT900P AT；YONEX ARMORTEC 900 POWER；ARMORTEC900；AT900P,1800,参考价，非实时成交价；本系统不做交易、库存或下单判断,YONEX-ARMORTEC-900-POWER,YONEX ARMORTEC 900 POWER,模糊对应-建议人工确认,已对应,NO,YES,非精确对应，保留人工复核,已标准化商品名；知识库价格不同步，需人工确认
72,ARMORTEC 900 TECHNIQUE AT900 AT900T AT系列,YONEX ARMORTEC 900 TECHNIQUE,YONEX,尤尼克斯,ARMORTEC 900 TECHNIQUE,YONEX ARMORTEC 900 TECHNIQUE,ARMORTEC 900 TECHNIQUE AT900 AT900T AT系列；YONEX ARMORTEC 900 TECHNIQUE；ARMORTEC900；AT900；AT900T,1800,参考价，非实时成交价；本系统不做交易、库存或下单判断,YONEX-ARMORTEC-900,YONEX ARMORTEC 900 TECHNIQUE,模糊对应-建议人工确认,已对应,NO,YES,非精确对应，保留人工复核,已标准化商品名；知识库价格不同步，需人工确认
77,CAB,YONEX CAB,YONEX,尤尼克斯,CAB,YONEX CAB,CAB；YONEX CAB,750,参考价，非实时成交价；本系统不做交易、库存或下单判断,YONEX-CAB,YONEX CAB,精确对应,已对应,NO,YES,疑似匹配到系列/泛型号，需人工确认,已标准化商品名；知识库价格不同步，需人工确认
92,CARBONEX 10 TOUR CAB10TOUR CAB10 CAB系列,YONEX CARBONEX 10 TOUR,YONEX,尤尼克斯,CARBONEX 10 TOUR,YONEX CARBONEX 10 TOUR,CARBONEX 10 TOUR CAB10TOUR CAB10 CAB系列；YONEX CARBONEX 10 TOUR；CARBONEX10；CAB10TOUR；CAB10,280,参考价，非实时成交价；本系统不做交易、库存或下单判断,YONEX-CARBONEX-10-TOUR,YONEX CARBONEX 10 TOUR,模糊对应-建议人工确认,已对应,NO,YES,非精确对应，保留人工复核,已标准化商品名；知识库价格不同步，需人工确认
94,CARBONEX 14 Cab14 Cab,YONEX CARBONEX 14,YONEX,尤尼克斯,CARBONEX 14,YONEX CARBONEX 14,CARBONEX 14 Cab14 Cab；YONEX CARBONEX 14；CARBONEX14；CAB14,280,参考价，非实时成交价；本系统不做交易、库存或下单判断,YONEX-CARBONEX-14,YONEX CARBONEX 14,模糊对应-建议人工确认,已对应,NO,YES,非精确对应，保留人工复核,已标准化商品名；知识库价格不同步，需人工确认
96,CARBONEX 20 CAB20 CAB,YONEX CARBONEX 20,YONEX,尤尼克斯,CARBONEX 20,YONEX CARBONEX 20,CARBONEX 20 CAB20 CAB；YONEX CARBONEX 20；CARBONEX20；CAB20,280,参考价，非实时成交价；本系统不做交易、库存或下单判断,YONEX-CARBONEX-20,YONEX CARBONEX 20,模糊对应-建议人工确认,已对应,NO,YES,非精确对应，保留人工复核,已标准化商品名；知识库价格不同步，需人工确认
98,CARBONEX 20 TOUR CAB20T CAB,YONEX CARBONEX 20 TOUR,YONEX,尤尼克斯,CARBONEX 20 TOUR,YONEX CARBONEX 20 TOUR,CARBONEX 20 TOUR CAB20T CAB；YONEX CARBONEX 20 TOUR；CARBONEX20；CAB20T,280,参考价，非实时成交价；本系统不做交易、库存或下单判断,YONEX-CARBONEX-20-TOUR,YONEX CARBONEX 20 TOUR,模糊对应-建议人工确认,已对应,NO,YES,非精确对应，保留人工复核,已标准化商品名；知识库价格不同步，需人工确认
100,CARBONEX 20 long CAB20L CAB,YONEX CARBONEX 20 LONG,YONEX,尤尼克斯,CARBONEX 20 LONG,YONEX CARBONEX 20 LONG,CARBONEX 20 long CAB20L CAB；YONEX CARBONEX 20 LONG；CARBONEX20；CAB20L,280,参考价，非实时成交价；本系统不做交易、库存或下单判断,YONEX-CARBONEX-20-LONG,YONEX CARBONEX 20 LONG,模糊对应-建议人工确认,已对应,NO,YES,非精确对应，保留人工复核,已标准化商品名；知识库价格不同步，需人工确认
103,CARBONEX 21 CAB21 CAB,YONEX CARBONEX 21,YONEX,尤尼克斯,CARBONEX 21,YONEX CARBONEX 21,CARBONEX 21 CAB21 CAB；YONEX CARBONEX 21；CARBONEX21；CAB21,280,参考价，非实时成交价；本系统不做交易、库存或下单判断,YONEX-CARBONEX-21,YONEX CARBONEX 21,模糊对应-建议人工确认,已对应,NO,YES,非精确对应，保留人工复核,已标准化商品名；知识库价格不同步，需人工确认
104,CARBONEX 22 cab22 CAB,YONEX CARBONEX 22,YONEX,尤尼克斯,CARBONEX 22,YONEX CARBONEX 22,CARBONEX 22 cab22 CAB；YONEX CARBONEX 22；CARBONEX22；CAB22,280,参考价，非实时成交价；本系统不做交易、库存或下单判断,YONEX-CARBONEX-22,YONEX CARBONEX 22,模糊对应-建议人工确认,已对应,NO,YES,非精确对应，保留人工复核,已标准化商品名；知识库价格不同步，需人工确认
107,CARBONEX 35 cab35 CAB,YONEX CARBONEX 35,YONEX,尤尼克斯,CARBONEX 35,YONEX CARBONEX 35,CARBONEX 35 cab35 CAB；YONEX CARBONEX 35；CARBONEX35；CAB35,280,参考价，非实时成交价；本系统不做交易、库存或下单判断,YONEX-CARBONEX-35,YONEX CARBONEX 35,模糊对应-建议人工确认,已对应,NO,YES,非精确对应，保留人工复核,已标准化商品名；知识库价格不同步，需人工确认
113,CARBONEX 7 B,YONEX CARBONEX 7,YONEX,尤尼克斯,CARBONEX 7,YONEX CARBONEX 7,CARBONEX 7 B；YONEX CARBONEX 7；CARBONEX7,280,参考价，非实时成交价；本系统不做交易、库存或下单判断,YONEX-CARBONEX-7,YONEX CARBONEX 7,模糊对应-建议人工确认,已对应,NO,YES,非精确对应，保留人工复核,已标准化商品名；知识库价格不同步，需人工确认
114,CARBONEX 7000 DF CAB,YONEX CARBONEX 7000,YONEX,尤尼克斯,CARBONEX 7000,YONEX CARBONEX 7000,CARBONEX 7000 DF CAB；YONEX CARBONEX 7000；CARBONEX7000,380,参考价，非实时成交价；本系统不做交易、库存或下单判断,YONEX-CARBONEX-7000,YONEX CARBONEX 7000,模糊对应-建议人工确认,已对应,NO,YES,非精确对应，保留人工复核,已标准化商品名；知识库价格不同步，需人工确认
115,CARBONEX 7000 N CAB7000N CAB,YONEX CARBONEX 7000,YONEX,尤尼克斯,CARBONEX 7000,YONEX CARBONEX 7000,CARBONEX 7000 N CAB7000N CAB；YONEX CARBONEX 7000；CARBONEX7000；CAB7000N,380,参考价，非实时成交价；本系统不做交易、库存或下单判断,YONEX-CARBONEX-7000,YONEX CARBONEX 7000,模糊对应-建议人工确认,已对应,NO,YES,非精确对应，保留人工复核,已标准化商品名；知识库价格不同步，需人工确认
116,CARBONEX 8 CAB8 CARBONEX8 CAB系列,YONEX CARBONEX 8,YONEX,尤尼克斯,CARBONEX 8,YONEX CARBONEX 8,CARBONEX 8 CAB8 CARBONEX8 CAB系列；YONEX CARBONEX 8；CARBONEX8；CAB8,280,参考价，非实时成交价；本系统不做交易、库存或下单判断,YONEX-CARBONEX-8,YONEX CARBONEX 8,模糊对应-建议人工确认,已对应,NO,YES,非精确对应，保留人工复核,已标准化商品名；知识库价格不同步，需人工确认
117,CARBONEX 8000 Light CARBONEX8000Light CAB系列,YONEX CARBONEX 8000,YONEX,尤尼克斯,CARBONEX 8000,YONEX CARBONEX 8000,CARBONEX 8000 Light CARBONEX8000Light CAB系列；YONEX CARBONEX 8000 LIGHT；CARBONEX8000；CARBONEX8000LIGHT,450,参考价，非实时成交价；本系统不做交易、库存或下单判断,YONEX-CARBONEX-8000-LIGHT,YONEX CARBONEX 8000 LIGHT,歧义，需要人工确认,已对应,NO,YES,非精确对应，保留人工复核,已标准化商品名；知识库价格不同步，需人工确认
118,CARBONEX 8000 PLUS CAB8000PLUS CAB系列,YONEX CARBONEX 8000,YONEX,尤尼克斯,CARBONEX 8000,YONEX CARBONEX 8000,CARBONEX 8000 PLUS CAB8000PLUS CAB系列；YONEX CARBONEX 8000；CARBONEX8000；CAB8000PLUS,450,参考价，非实时成交价；本系统不做交易、库存或下单判断,YONEX-CARBONEX-8000,YONEX CARBONEX 8000,模糊对应-建议人工确认,已对应,NO,YES,非精确对应，保留人工复核,已标准化商品名；知识库价格不同步，需人工确认
125,CARBONEX 8蓝色 CAB8 CAB,YONEX CARBONEX 8,YONEX,尤尼克斯,CARBONEX 8,YONEX CARBONEX 8,CARBONEX 8蓝色 CAB8 CAB；YONEX CARBONEX 8；CAB8,280,参考价，非实时成交价；本系统不做交易、库存或下单判断,YONEX-CARBONEX-8,YONEX CARBONEX 8,模糊对应-建议人工确认,已对应,NO,YES,非精确对应，保留人工复核,已标准化商品名；知识库价格不同步，需人工确认
126,CARBONEX 8黄色 B,YONEX CARBONEX 8,YONEX,尤尼克斯,CARBONEX 8,YONEX CARBONEX 8,CARBONEX 8黄色 B；YONEX CARBONEX 8,280,参考价，非实时成交价；本系统不做交易、库存或下单判断,YONEX-CARBONEX-8,YONEX CARBONEX 8,模糊对应-建议人工确认,已对应,NO,YES,非精确对应，保留人工复核,已标准化商品名；知识库价格不同步，需人工确认
127,CARBONEX 9 CAB9 CARBONEX9 CAB系列,YONEX CARBONEX 9,YONEX,尤尼克斯,CARBONEX 9,YONEX CARBONEX 9,CARBONEX 9 CAB9 CARBONEX9 CAB系列；YONEX CARBONEX 9；CARBONEX9；CAB9,280,参考价，非实时成交价；本系统不做交易、库存或下单判断,YONEX-CARBONEX-9,YONEX CARBONEX 9,模糊对应-建议人工确认,已对应,NO,YES,非精确对应，保留人工复核,已标准化商品名；知识库价格不同步，需人工确认
128,CARBONEX 9 TOUR CAB9TOUR CAB,YONEX CARBONEX 9 TOUR,YONEX,尤尼克斯,CARBONEX 9 TOUR,YONEX CARBONEX 9 TOUR,CARBONEX 9 TOUR CAB9TOUR CAB；YONEX CARBONEX 9 TOUR；CARBONEX9；CAB9TOUR,280,参考价，非实时成交价；本系统不做交易、库存或下单判断,YONEX-CARBONEX-9-TOUR,YONEX CARBONEX 9 TOUR,模糊对应-建议人工确认,已对应,NO,YES,非精确对应，保留人工复核,已标准化商品名；知识库价格不同步，需人工确认
129,CARBONEX 9 Tour SP CAB9 CAB系列,YONEX CARBONEX 9 TOUR,YONEX,尤尼克斯,CARBONEX 9 TOUR,YONEX CARBONEX 9 TOUR,CARBONEX 9 Tour SP CAB9 CAB系列；YONEX CARBONEX 9 TOUR SP；CARBONEX9；CAB9,280,参考价，非实时成交价；本系统不做交易、库存或下单判断,YONEX-CARBONEX-9-TOUR-SP,YONEX CARBONEX 9 TOUR SP,歧义，需要人工确认,已对应,NO,YES,非精确对应，保留人工复核,已标准化商品名；知识库价格不同步，需人工确认
155,ISOMETRIC 300 ISO,YONEX ISOMETRIC 300,YONEX,尤尼克斯,ISOMETRIC 300,YONEX ISOMETRIC 300,ISOMETRIC 300 ISO；YONEX ISOMETRIC 300,450,参考价，非实时成交价；本系统不做交易、库存或下单判断,YONEX-ISOMETRIC-300,YONEX ISOMETRIC 300,模糊对应-建议人工确认,已对应,NO,YES,非精确对应，保留人工复核,已标准化商品名；知识库价格不同步，需人工确认
174,ISOMETRIC Swing Power 500 IOS500 IOS,YONEX ISOMETRIC SWING POWER 900,YONEX,尤尼克斯,ISOMETRIC SWING POWER 900,YONEX ISOMETRIC SWING POWER 900,ISOMETRIC Swing Power 500 IOS500 IOS；YONEX ISOMETRIC SWING POWER 900；POWER500；IOS500,450,参考价，非实时成交价；本系统不做交易、库存或下单判断,YONEX-ISOMETRIC-SWING-POWER,YONEX ISOMETRIC SWING POWER 900,模糊对应-建议人工确认,已对应,NO,YES,非精确对应，保留人工复核,已标准化商品名；知识库价格不同步，需人工确认
185,Isometric Swing Power 900 ISO900 ISO,YONEX ISOMETRIC SWING POWER 900,YONEX,尤尼克斯,ISOMETRIC SWING POWER 900,YONEX ISOMETRIC SWING POWER 900,Isometric Swing Power 900 ISO900 ISO；YONEX ISOMETRIC SWING POWER 900；POWER900；ISO900,450,参考价，非实时成交价；本系统不做交易、库存或下单判断,YONEX-ISOMETRIC-SWING-POWER,YONEX ISOMETRIC SWING POWER 900,模糊对应-建议人工确认,已对应,NO,YES,非精确对应，保留人工复核,已标准化商品名；知识库价格不同步，需人工确认
192,MUSCLE POWER 100 MP,YONEX MUSCLE POWER 100,YONEX,尤尼克斯,MUSCLE POWER 100,YONEX MUSCLE POWER 100,MUSCLE POWER 100 MP；YONEX MUSCLE POWER 100；POWER100,550,参考价，非实时成交价；本系统不做交易、库存或下单判断,YONEX-MUSCLE-POWER-100,YONEX MUSCLE POWER 100,模糊对应-建议人工确认,已对应,NO,YES,非精确对应，保留人工复核,已标准化商品名；知识库价格不同步，需人工确认
194,MUSCLE POWER 2 MP,YONEX MUSCLE POWER 2,YONEX,尤尼克斯,MUSCLE POWER 2,YONEX MUSCLE POWER 2,MUSCLE POWER 2 MP；YONEX MUSCLE POWER 2；POWER2,220,参考价，非实时成交价；本系统不做交易、库存或下单判断,YONEX-MUSCLE-POWER-2,YONEX MUSCLE POWER 2,模糊对应-建议人工确认,已对应,NO,YES,非精确对应，保留人工复核,已标准化商品名；知识库价格不同步，需人工确认
195,MUSCLE POWER 2 MP2 MP,YONEX MUSCLE POWER 2,YONEX,尤尼克斯,MUSCLE POWER 2,YONEX MUSCLE POWER 2,MUSCLE POWER 2 MP2 MP；YONEX MUSCLE POWER 2；POWER2；MP2,220,参考价，非实时成交价；本系统不做交易、库存或下单判断,YONEX-MUSCLE-POWER-2,YONEX MUSCLE POWER 2,模糊对应-建议人工确认,已对应,NO,YES,非精确对应，保留人工复核,已标准化商品名；知识库价格不同步，需人工确认
197,MUSCLE POWER 22 MP22 mp,YONEX MUSCLE POWER 22,YONEX,尤尼克斯,MUSCLE POWER 22,YONEX MUSCLE POWER 22,MUSCLE POWER 22 MP22 mp；YONEX MUSCLE POWER 22；POWER22；MP22,320,参考价，非实时成交价；本系统不做交易、库存或下单判断,YONEX-MUSCLE-POWER-22,YONEX MUSCLE POWER 22,模糊对应-建议人工确认,已对应,NO,YES,非精确对应，保留人工复核,已标准化商品名；知识库价格不同步，需人工确认
198,MUSCLE POWER 22 PLUS MP22PLUS MP系列,YONEX MUSCLE POWER 22,YONEX,尤尼克斯,MUSCLE POWER 22,YONEX MUSCLE POWER 22,MUSCLE POWER 22 PLUS MP22PLUS MP系列；YONEX MUSCLE POWER 22；POWER22；MP22PLUS,320,参考价，非实时成交价；本系统不做交易、库存或下单判断,YONEX-MUSCLE-POWER-22,YONEX MUSCLE POWER 22,模糊对应-建议人工确认,已对应,NO,YES,非精确对应，保留人工复核,已标准化商品名；知识库价格不同步，需人工确认
203,MUSCLE POWER 30 MP30 MP,YONEX MUSCLE POWER 30,YONEX,尤尼克斯,MUSCLE POWER 30,YONEX MUSCLE POWER 30,MUSCLE POWER 30 MP30 MP；YONEX MUSCLE POWER 30；POWER30；MP30,320,参考价，非实时成交价；本系统不做交易、库存或下单判断,YONEX-MUSCLE-POWER-30,YONEX MUSCLE POWER 30,模糊对应-建议人工确认,已对应,NO,YES,非精确对应，保留人工复核,已标准化商品名；知识库价格不同步，需人工确认
205,MUSCLE POWER 44 MP,YONEX MUSCLE POWER 44,YONEX,尤尼克斯,MUSCLE POWER 44,YONEX MUSCLE POWER 44,MUSCLE POWER 44 MP；YONEX MUSCLE POWER 44；POWER44,400,参考价，非实时成交价；本系统不做交易、库存或下单判断,YONEX-MUSCLE-POWER-44,YONEX MUSCLE POWER 44,模糊对应-建议人工确认,已对应,NO,YES,非精确对应，保留人工复核,已标准化商品名；知识库价格不同步，需人工确认
211,MUSCLE POWER 66 MP,YONEX MUSCLE POWER 66,YONEX,尤尼克斯,MUSCLE POWER 66,YONEX MUSCLE POWER 66,MUSCLE POWER 66 MP；YONEX MUSCLE POWER 66；POWER66,400,参考价，非实时成交价；本系统不做交易、库存或下单判断,YONEX-MUSCLE-POWER-66,YONEX MUSCLE POWER 66,模糊对应-建议人工确认,已对应,NO,YES,非精确对应，保留人工复核,已标准化商品名；知识库价格不同步，需人工确认
212,MUSCLE POWER 7 MP,YONEX MUSCLE POWER 7,YONEX,尤尼克斯,MUSCLE POWER 7,YONEX MUSCLE POWER 7,MUSCLE POWER 7 MP；YONEX MUSCLE POWER 7；POWER7,220,参考价，非实时成交价；本系统不做交易、库存或下单判断,YONEX-MUSCLE-POWER-7,YONEX MUSCLE POWER 7,模糊对应-建议人工确认,已对应,NO,YES,非精确对应，保留人工复核,已标准化商品名；知识库价格不同步，需人工确认
218,MUSCLE POWER 88 MP,YONEX MUSCLE POWER 88,YONEX,尤尼克斯,MUSCLE POWER 88,YONEX MUSCLE POWER 88,MUSCLE POWER 88 MP；YONEX MUSCLE POWER 88；POWER88,400,参考价，非实时成交价；本系统不做交易、库存或下单判断,YONEX-MUSCLE-POWER-88,YONEX MUSCLE POWER 88,模糊对应-建议人工确认,已对应,NO,YES,非精确对应，保留人工复核,已标准化商品名；知识库价格不同步，需人工确认
221,MUSCLE POWER 90 MP,YONEX MUSCLE POWER 90,YONEX,尤尼克斯,MUSCLE POWER 90,YONEX MUSCLE POWER 90,MUSCLE POWER 90 MP；YONEX MUSCLE POWER 90；POWER90,400,参考价，非实时成交价；本系统不做交易、库存或下单判断,YONEX-MUSCLE-POWER-90,YONEX MUSCLE POWER 90,模糊对应-建议人工确认,已对应,NO,YES,非精确对应，保留人工复核,已标准化商品名；知识库价格不同步，需人工确认
222,MUSCLE POWER 99 MP99 MP,YONEX MUSCLE POWER 99,YONEX,尤尼克斯,MUSCLE POWER 99,YONEX MUSCLE POWER 99,MUSCLE POWER 99 MP99 MP；YONEX MUSCLE POWER 99；POWER99；MP99,550,参考价，非实时成交价；本系统不做交易、库存或下单判断,YONEX-MUSCLE-POWER-99,YONEX MUSCLE POWER 99,模糊对应-建议人工确认,已对应,NO,YES,非精确对应，保留人工复核,已标准化商品名；知识库价格不同步，需人工确认
232,NANOSPEED 300 NS300 NS,YONEX NANOSPEED 300,YONEX,尤尼克斯,NANOSPEED 300,YONEX NANOSPEED 300,NANOSPEED 300 NS300 NS；YONEX NANOSPEED 300；NS300,450,参考价，非实时成交价；本系统不做交易、库存或下单判断,YONEX-NANOSPEED-300,YONEX NANOSPEED 300,模糊对应-建议人工确认,已对应,NO,YES,非精确对应，保留人工复核,已标准化商品名；知识库价格不同步，需人工确认
235,NANOSPEED 4500 NS,YONEX NANOSPEED 4500,YONEX,尤尼克斯,NANOSPEED 4500,YONEX NANOSPEED 4500,NANOSPEED 4500 NS；YONEX NANOSPEED 4500,450,参考价，非实时成交价；本系统不做交易、库存或下单判断,YONEX-NANOSPEED-4500,YONEX NANOSPEED 4500,模糊对应-建议人工确认,已对应,NO,YES,非精确对应，保留人工复核,已标准化商品名；知识库价格不同步，需人工确认
237,NANOSPEED 500 NS,YONEX NANOSPEED 500,YONEX,尤尼克斯,NANOSPEED 500,YONEX NANOSPEED 500,NANOSPEED 500 NS；YONEX NANOSPEED 500,450,参考价，非实时成交价；本系统不做交易、库存或下单判断,YONEX-NANOSPEED-500,YONEX NANOSPEED 500,模糊对应-建议人工确认,已对应,NO,YES,非精确对应，保留人工复核,已标准化商品名；知识库价格不同步，需人工确认
240,NANOSPEED 6000 NS6000 NS,YONEX NANOSPEED 6000,YONEX,尤尼克斯,NANOSPEED 6000,YONEX NANOSPEED 6000,NANOSPEED 6000 NS6000 NS；YONEX NANOSPEED 6000；NS6000,450,参考价，非实时成交价；本系统不做交易、库存或下单判断,YONEX-NANOSPEED-6000,YONEX NANOSPEED 6000,模糊对应-建议人工确认,已对应,NO,YES,非精确对应，保留人工复核,已标准化商品名；知识库价格不同步，需人工确认
243,NANOSPEED 7000 NS7000 NS系列,YONEX NANOSPEED 7000,YONEX,尤尼克斯,NANOSPEED 7000,YONEX NANOSPEED 7000,NANOSPEED 7000 NS7000 NS系列；YONEX NANOSPEED 7000；NS7000,650,参考价，非实时成交价；本系统不做交易、库存或下单判断,YONEX-NANOSPEED-7000,YONEX NANOSPEED 7000,模糊对应-建议人工确认,已对应,NO,YES,非精确对应，保留人工复核,已标准化商品名；知识库价格不同步，需人工确认
244,NANOSPEED 7000 老款 NS7000 NANOSPEED7000 NS系列,YONEX NANOSPEED 7000,YONEX,尤尼克斯,NANOSPEED 7000,YONEX NANOSPEED 7000,NANOSPEED 7000 老款 NS7000 NANOSPEED7000 NS系列；YONEX NANOSPEED 7000；NS7000,650,参考价，非实时成交价；本系统不做交易、库存或下单判断,YONEX-NANOSPEED-7000,YONEX NANOSPEED 7000,模糊对应-建议人工确认,已对应,NO,YES,非精确对应，保留人工复核,已标准化商品名；知识库价格不同步，需人工确认
245,NANOSPEED 7700 NS7700 NS系列,YONEX NANOSPEED 7700,YONEX,尤尼克斯,NANOSPEED 7700,YONEX NANOSPEED 7700,NANOSPEED 7700 NS7700 NS系列；YONEX NANOSPEED 7700；NS7700,650,参考价，非实时成交价；本系统不做交易、库存或下单判断,YONEX-NANOSPEED-7700,YONEX NANOSPEED 7700,模糊对应-建议人工确认,已对应,NO,YES,非精确对应，保留人工复核,已标准化商品名；知识库价格不同步，需人工确认
246,NANOSPEED 800 NS800 NS,YONEX NANOSPEED 800,YONEX,尤尼克斯,NANOSPEED 800,YONEX NANOSPEED 800,NANOSPEED 800 NS800 NS；YONEX NANOSPEED 800；NS800,450,参考价，非实时成交价；本系统不做交易、库存或下单判断,YONEX-NANOSPEED-800,YONEX NANOSPEED 800,模糊对应-建议人工确认,已对应,NO,YES,非精确对应，保留人工复核,已标准化商品名；知识库价格不同步，需人工确认
247,NANOSPEED 8000 BP NS8000BP NS系列,YONEX NANOSPEED 8000,YONEX,尤尼克斯,NANOSPEED 8000,YONEX NANOSPEED 8000,NANOSPEED 8000 BP NS8000BP NS系列；YONEX NANOSPEED 8000；NS8000BP,750,参考价，非实时成交价；本系统不做交易、库存或下单判断,YONEX-NANOSPEED-8000,YONEX NANOSPEED 8000,低置信对应-需人工确认,已对应,NO,YES,非精确对应，保留人工复核,已标准化商品名；知识库价格不同步，需人工确认
248,NANOSPEED 8000 NS8000 NS系列,YONEX NANOSPEED 8000,YONEX,尤尼克斯,NANOSPEED 8000,YONEX NANOSPEED 8000,NANOSPEED 8000 NS8000 NS系列；YONEX NANOSPEED 8000；NS8000,750,参考价，非实时成交价；本系统不做交易、库存或下单判断,YONEX-NANOSPEED-8000,YONEX NANOSPEED 8000,模糊对应-建议人工确认,已对应,NO,YES,非精确对应，保留人工复核,已标准化商品名；知识库价格不同步，需人工确认
249,NANOSPEED 8000（老款） NS,YONEX NANOSPEED 8000,YONEX,尤尼克斯,NANOSPEED 8000,YONEX NANOSPEED 8000,NANOSPEED 8000（老款） NS；YONEX NANOSPEED 8000,750,参考价，非实时成交价；本系统不做交易、库存或下单判断,YONEX-NANOSPEED-8000,YONEX NANOSPEED 8000,模糊对应-建议人工确认,已对应,NO,YES,非精确对应，保留人工复核,已标准化商品名；知识库价格不同步，需人工确认
251,NANOSPEED 9000 Type S NS9000S NS系列,YONEX ASTROX 9000S,YONEX,尤尼克斯,ASTROX 9000S,YONEX ASTROX 9000S,NANOSPEED 9000 Type S NS9000S NS系列；YONEX ASTROX 9000S；NS9000S,1325,参考价，非实时成交价；本系统不做交易、库存或下单判断,YONEX-ASTROX-9000S,YONEX ASTROX 9000S,低置信对应-需人工确认,已按清单价与知识库价平均覆盖,YES,YES,价格已覆盖；名称/型号对应仍建议复核,参考价已按清单价与知识库价平均值覆盖；同步到知识库
252,NANOSPEED 9000 Type X NS9000X NS系列,YONEX NANOSPEED 9000,YONEX,尤尼克斯,NANOSPEED 9000,YONEX NANOSPEED 9000,NANOSPEED 9000 Type X NS9000X NS系列；YONEX NANOSPEED 9000；NS9000X,850,参考价，非实时成交价；本系统不做交易、库存或下单判断,YONEX-NANOSPEED-9000,YONEX NANOSPEED 9000,模糊对应-建议人工确认,已对应,NO,YES,非精确对应，保留人工复核,已标准化商品名；知识库价格不同步，需人工确认
254,NANOSPEED 9900 LT G NS9900LTG NS,YONEX NANOSPEED 9900 LT,YONEX,尤尼克斯,NANOSPEED 9900 LT,YONEX NANOSPEED 9900 LT,NANOSPEED 9900 LT G NS9900LTG NS；YONEX NANOSPEED 9900 LT；NS9900LTG,850,参考价，非实时成交价；本系统不做交易、库存或下单判断,YONEX-NANOSPEED-9900-LT,YONEX NANOSPEED 9900 LT,模糊对应-建议人工确认,已对应,NO,YES,非精确对应，保留人工复核,已标准化商品名；知识库价格不同步，需人工确认
255,NANOSPEED 9900 LT PU NS9900LTPU NS,YONEX NANOSPEED 9900 LT,YONEX,尤尼克斯,NANOSPEED 9900 LT,YONEX NANOSPEED 9900 LT,NANOSPEED 9900 LT PU NS9900LTPU NS；YONEX NANOSPEED 9900 LT；NS9900LTPU,850,参考价，非实时成交价；本系统不做交易、库存或下单判断,YONEX-NANOSPEED-9900-LT,YONEX NANOSPEED 9900 LT,模糊对应-建议人工确认,已对应,NO,YES,非精确对应，保留人工复核,已标准化商品名；知识库价格不同步，需人工确认
256,NANOSPEED 9900 LTD NS9900LTD NS9900LNYX NS9900 紫青双剑 NS系列,YONEX NANOSPEED 9900 LT,YONEX,尤尼克斯,NANOSPEED 9900 LT,YONEX NANOSPEED 9900 LT,NANOSPEED 9900 LTD NS9900LTD NS9900LNYX NS9900 紫青双剑 NS系列；YONEX NANOSPEED 9900 LT；NS9900LTD；NS9900LNYX；NS9900,850,参考价，非实时成交价；本系统不做交易、库存或下单判断,YONEX-NANOSPEED-9900-LT,YONEX NANOSPEED 9900 LT,模糊对应-建议人工确认,已对应,NO,YES,非精确对应，保留人工复核,已标准化商品名；知识库价格不同步，需人工确认
257,NANOSPEED 9900 NS9900 NS系列,YONEX NANOSPEED 9900,YONEX,尤尼克斯,NANOSPEED 9900,YONEX NANOSPEED 9900,NANOSPEED 9900 NS9900 NS系列；YONEX NANOSPEED 9900；NS9900,850,参考价，非实时成交价；本系统不做交易、库存或下单判断,YONEX-NANOSPEED-9900,YONEX NANOSPEED 9900,模糊对应-建议人工确认,已对应,NO,YES,非精确对应，保留人工复核,已标准化商品名；知识库价格不同步，需人工确认
258,NANOSPEED 9900 红金 NS,YONEX NANOSPEED 9900,YONEX,尤尼克斯,NANOSPEED 9900,YONEX NANOSPEED 9900,NANOSPEED 9900 红金 NS；YONEX NANOSPEED 9900,850,参考价，非实时成交价；本系统不做交易、库存或下单判断,YONEX-NANOSPEED-9900,YONEX NANOSPEED 9900,模糊对应-建议人工确认,已对应,NO,YES,非精确对应，保留人工复核,已标准化商品名；知识库价格不同步，需人工确认
259,NANOSPEED 9900 黑金 NS9900YX NANOSPEED9900 NS系列,YONEX NANOSPEED 9900,YONEX,尤尼克斯,NANOSPEED 9900,YONEX NANOSPEED 9900,NANOSPEED 9900 黑金 NS9900YX NANOSPEED9900 NS系列；YONEX NANOSPEED 9900；NS9900YX,850,参考价，非实时成交价；本系统不做交易、库存或下单判断,YONEX-NANOSPEED-9900,YONEX NANOSPEED 9900,模糊对应-建议人工确认,已对应,NO,YES,非精确对应，保留人工复核,已标准化商品名；知识库价格不同步，需人工确认
264,NanoSpeed Excel NSExcel NS,YONEX NANOSPEED EXCEL,YONEX,尤尼克斯,NANOSPEED EXCEL,YONEX NANOSPEED EXCEL,NanoSpeed Excel NSExcel NS；YONEX NANOSPEED EXCEL,550,参考价，非实时成交价；本系统不做交易、库存或下单判断,YONEX-NANOSPEED-EXCEL,YONEX NANOSPEED EXCEL,模糊对应-建议人工确认,已对应,NO,YES,非精确对应，保留人工复核,已标准化商品名；知识库价格不同步，需人工确认
297,DUORA 10 LCW 败者为王 duora10lcw 双刃10LCW 双刃系列,YONEX DUORA 10 LCW,YONEX,尤尼克斯,DUORA 10 LCW,YONEX DUORA 10 LCW,DUORA 10 LCW 败者为王 duora10lcw 双刃10LCW 双刃系列；YONEX DUORA 10 LCW；DUORA10；DUORA10LCW,1400,参考价，非实时成交价；本系统不做交易、库存或下单判断,YONEX-DUORA-10-LCW,YONEX DUORA 10 LCW,模糊对应-建议人工确认,已对应,NO,YES,非精确对应，保留人工复核,已标准化商品名；知识库价格不同步，需人工确认
298,DUORA 10 LCW 银蓝 Duora10lcw 双刃10LCW 宝石蓝 双刃系列,YONEX DUORA 10 LCW,YONEX,尤尼克斯,DUORA 10 LCW,YONEX DUORA 10 LCW,DUORA 10 LCW 银蓝 Duora10lcw 双刃10LCW 宝石蓝 双刃系列；YONEX DUORA 10 LCW；DUORA10；DUORA10LCW,1400,参考价，非实时成交价；本系统不做交易、库存或下单判断,YONEX-DUORA-10-LCW,YONEX DUORA 10 LCW,模糊对应-建议人工确认,已对应,NO,YES,非精确对应，保留人工复核,已标准化商品名；知识库价格不同步，需人工确认
299,DUORA 10 LCW 霜蓝 双刃10LCW duora10 duora10lcw 双刃系列,YONEX DUORA 10 LCW,YONEX,尤尼克斯,DUORA 10 LCW,YONEX DUORA 10 LCW,DUORA 10 LCW 霜蓝 双刃10LCW duora10 duora10lcw 双刃系列；YONEX DUORA 10 LCW；DUORA10；DUORA10LCW,1400,参考价，非实时成交价；本系统不做交易、库存或下单判断,YONEX-DUORA-10-LCW,YONEX DUORA 10 LCW,模糊对应-建议人工确认,已对应,NO,YES,非精确对应，保留人工复核,已标准化商品名；知识库价格不同步，需人工确认
300,DUORA 10 LLC DUO10LLCYX 双刃10LLC 双刃10LV DUORA10王者之志 双刃系列,YONEX DUORA 10,YONEX,尤尼克斯,DUORA 10,YONEX DUORA 10,DUORA 10 LLC DUO10LLCYX 双刃10LLC 双刃10LV DUORA10王者之志 双刃系列；YONEX DUORA 10；DUORA10；DUO10LLCYX,1400,参考价，非实时成交价；本系统不做交易、库存或下单判断,YONEX-DUORA-10,YONEX DUORA 10,模糊对应-建议人工确认,已对应（在知识库价格范围内）,NO,YES,非精确对应，保留人工复核,已标准化商品名；知识库价格不同步，需人工确认
302,DUORA 10 YX 橙蓝 Duora10 双刃10 DUO10YX duora10lv 双刃系列,YONEX DUORA 10,YONEX,尤尼克斯,DUORA 10,YONEX DUORA 10,DUORA 10 YX 橙蓝 Duora10 双刃10 DUO10YX duora10lv 双刃系列；YONEX DUORA 10；DUORA10；DUO10YX；DUORA10LV,1400,参考价，非实时成交价；本系统不做交易、库存或下单判断,YONEX-DUORA-10,YONEX DUORA 10,模糊对应-建议人工确认,已对应（在知识库价格范围内）,NO,YES,非精确对应，保留人工复核,已标准化商品名；知识库价格不同步，需人工确认
303,DUORA 10 双刃10 DUORA10 阴阳拍 双刃十 双刃系列,YONEX DUORA 10,YONEX,尤尼克斯,DUORA 10,YONEX DUORA 10,DUORA 10 双刃10 DUORA10 阴阳拍 双刃十 双刃系列；YONEX DUORA 10；DUORA10,1880,参考价，非实时成交价；本系统不做交易、库存或下单判断,YONEX-DUORA-10,YONEX DUORA 10,模糊对应-建议人工确认,已对应（在知识库价格范围内）,NO,YES,非精确对应，保留人工复核,已标准化商品名；知识库价格不同步，需人工确认
304,DUORA 33 双刃33 DUORA33 双刃系列,YONEX DUORA 33,YONEX,尤尼克斯,DUORA 33,YONEX DUORA 33,DUORA 33 双刃33 DUORA33 双刃系列；YONEX DUORA 33；DUORA33,1200,参考价，非实时成交价；本系统不做交易、库存或下单判断,YONEX-DUORA-33,YONEX DUORA 33,模糊对应-建议人工确认,已对应,NO,YES,非精确对应，保留人工复核,已标准化商品名；知识库价格不同步，需人工确认
305,DUORA 55 双刃55 DUORA55 双刃系列,YONEX DUORA 55,YONEX,尤尼克斯,DUORA 55,YONEX DUORA 55,DUORA 55 双刃55 DUORA55 双刃系列；YONEX DUORA 55；DUORA55,1200,参考价，非实时成交价；本系统不做交易、库存或下单判断,YONEX-DUORA-55,YONEX DUORA 55,模糊对应-建议人工确认,已对应,NO,YES,非精确对应，保留人工复核,已标准化商品名；知识库价格不同步，需人工确认
306,DUORA 55 黑 双刃55 DUORA55 19DUO55EX 双刃系列,YONEX DUORA 55,YONEX,尤尼克斯,DUORA 55,YONEX DUORA 55,DUORA 55 黑 双刃55 DUORA55 19DUO55EX 双刃系列；YONEX DUORA 55；DUORA55,1200,参考价，非实时成交价；本系统不做交易、库存或下单判断,YONEX-DUORA-55,YONEX DUORA 55,模糊对应-建议人工确认,已对应,NO,YES,非精确对应，保留人工复核,已标准化商品名；知识库价格不同步，需人工确认
307,DUORA 6 BP 双刃6BP DUO6BP 双刃系列,YONEX DUORA 6,YONEX,尤尼克斯,DUORA 6,YONEX DUORA 6,DUORA 6 BP 双刃6BP DUO6BP 双刃系列；YONEX DUORA 6；DUORA6；DUO6BP,500,参考价，非实时成交价；本系统不做交易、库存或下单判断,YONEX-DUORA-6,YONEX DUORA 6,低置信对应-需人工确认,已对应,NO,YES,非精确对应，保留人工复核,已标准化商品名；知识库价格不同步，需人工确认
308,DUORA 6 双刃6 Duora6 双刃系列,YONEX DUORA 6,YONEX,尤尼克斯,DUORA 6,YONEX DUORA 6,DUORA 6 双刃6 Duora6 双刃系列；YONEX DUORA 6；DUORA6,500,参考价，非实时成交价；本系统不做交易、库存或下单判断,YONEX-DUORA-6,YONEX DUORA 6,模糊对应-建议人工确认,已对应,NO,YES,非精确对应，保留人工复核,已标准化商品名；知识库价格不同步，需人工确认
309,DUORA 6 珍珠白 双刃6 DUORA6 DUO6YX 双刃系列,YONEX DUORA 6,YONEX,尤尼克斯,DUORA 6,YONEX DUORA 6,DUORA 6 珍珠白 双刃6 DUORA6 DUO6YX 双刃系列；YONEX DUORA 6；DUORA6；DUO6YX,500,参考价，非实时成交价；本系统不做交易、库存或下单判断,YONEX-DUORA-6,YONEX DUORA 6,模糊对应-建议人工确认,已对应,NO,YES,非精确对应，保留人工复核,已标准化商品名；知识库价格不同步，需人工确认
310,DUORA 7 BP 双刃7BP DUORA7BP 双刃系列,YONEX DUORA 7,YONEX,尤尼克斯,DUORA 7,YONEX DUORA 7,DUORA 7 BP 双刃7BP DUORA7BP 双刃系列；YONEX DUORA 7；DUORA7；DUORA7BP,800,参考价，非实时成交价；本系统不做交易、库存或下单判断,YONEX-DUORA-7,YONEX DUORA 7,低置信对应-需人工确认,已对应,NO,YES,非精确对应，保留人工复核,已标准化商品名；知识库价格不同步，需人工确认
311,DUORA 7 双刃7 DUORA7 双刃系列,YONEX DUORA 7,YONEX,尤尼克斯,DUORA 7,YONEX DUORA 7,DUORA 7 双刃7 DUORA7 双刃系列；YONEX DUORA 7；DUORA7,800,参考价，非实时成交价；本系统不做交易、库存或下单判断,YONEX-DUORA-7,YONEX DUORA 7,模糊对应-建议人工确认,已对应,NO,YES,非精确对应，保留人工复核,已标准化商品名；知识库价格不同步，需人工确认
312,DUORA 7 深枪灰 双刃7 DUORA7 DUO7YX 双刃系列,YONEX DUORA 7,YONEX,尤尼克斯,DUORA 7,YONEX DUORA 7,DUORA 7 深枪灰 双刃7 DUORA7 DUO7YX 双刃系列；YONEX DUORA 7；DUORA7；DUO7YX,800,参考价，非实时成交价；本系统不做交易、库存或下单判断,YONEX-DUORA-7,YONEX DUORA 7,模糊对应-建议人工确认,已对应,NO,YES,非精确对应，保留人工复核,已标准化商品名；知识库价格不同步，需人工确认
313,DUORA 77 红白 双刃77 DUORA77 双刃系列,YONEX DUORA 77,YONEX,尤尼克斯,DUORA 77,YONEX DUORA 77,DUORA 77 红白 双刃77 DUORA77 双刃系列；YONEX DUORA 77；DUORA77,1200,参考价，非实时成交价；本系统不做交易、库存或下单判断,YONEX-DUORA-77,YONEX DUORA 77,模糊对应-建议人工确认,已对应,NO,YES,非精确对应，保留人工复核,已标准化商品名；知识库价格不同步，需人工确认
314,DUORA 77 红色 DUORA77 双刃77 19DUO77EX 双刃系列,YONEX DUORA 77,YONEX,尤尼克斯,DUORA 77,YONEX DUORA 77,DUORA 77 红色 DUORA77 双刃77 19DUO77EX 双刃系列；YONEX DUORA 77；DUORA77,1200,参考价，非实时成交价；本系统不做交易、库存或下单判断,YONEX-DUORA-77,YONEX DUORA 77,模糊对应-建议人工确认,已对应,NO,YES,非精确对应，保留人工复核,已标准化商品名；知识库价格不同步，需人工确认
315,DUORA 88 双刃88 DUORA88 双刃系列,YONEX DUORA 88,YONEX,尤尼克斯,DUORA 88,YONEX DUORA 88,DUORA 88 双刃88 DUORA88 双刃系列；YONEX DUORA 88；DUORA88,1200,参考价，非实时成交价；本系统不做交易、库存或下单判断,YONEX-DUORA-88,YONEX DUORA 88,模糊对应-建议人工确认,已对应,NO,YES,非精确对应，保留人工复核,已标准化商品名；知识库价格不同步，需人工确认
316,DUORA 88 黑色 19DUO88EX 双刃88 DUORA88 双刃系列,YONEX DUORA 88,YONEX,尤尼克斯,DUORA 88,YONEX DUORA 88,DUORA 88 黑色 19DUO88EX 双刃88 DUORA88 双刃系列；YONEX DUORA 88；DUORA88,1200,参考价，非实时成交价；本系统不做交易、库存或下单判断,YONEX-DUORA-88,YONEX DUORA 88,模糊对应-建议人工确认,已对应,NO,YES,非精确对应，保留人工复核,已标准化商品名；知识库价格不同步，需人工确认
317,DUORA 8XP 双刃8XP DUO8XP DUO8XPYX 双刃系列,YONEX DUORA 8XP,YONEX,尤尼克斯,DUORA 8XP,YONEX DUORA 8XP,DUORA 8XP 双刃8XP DUO8XP DUO8XPYX 双刃系列；YONEX DUORA 8XP；DUORA8XP；DUO8XP；DUO8XPYX,800,参考价，非实时成交价；本系统不做交易、库存或下单判断,YONEX-DUORA-8XP,YONEX DUORA 8XP,模糊对应-建议人工确认,已对应,NO,YES,非精确对应，保留人工复核,已标准化商品名；知识库价格不同步，需人工确认
318,DUORA 9 双刃9 DUORA9 双刃系列,YONEX DUORA 9,YONEX,尤尼克斯,DUORA 9,YONEX DUORA 9,DUORA 9 双刃9 DUORA9 双刃系列；YONEX DUORA 9；DUORA9,800,参考价，非实时成交价；本系统不做交易、库存或下单判断,YONEX-DUORA-9,YONEX DUORA 9,模糊对应-建议人工确认,已对应,NO,YES,非精确对应，保留人工复核,已标准化商品名；知识库价格不同步，需人工确认
322,ASTORX CS ASTORXCS 天斧CS AXCS AX,YONEX ASTROX,YONEX,尤尼克斯,ASTROX,YONEX ASTROX,ASTORX CS ASTORXCS 天斧CS AXCS AX；YONEX ASTROX CS；天斧,600,参考价，非实时成交价；本系统不做交易、库存或下单判断,YONEX-ASTROX-CS,YONEX ASTROX CS,歧义，需要人工确认,已对应,NO,YES,非精确对应，保留人工复核,已标准化商品名；知识库价格不同步，需人工确认
323,ASTROX 0.7 DG 天斧0.7DG AX0.7DG ASTROX0.7DG 天斧系列,YONEX ASTROX,YONEX,尤尼克斯,ASTROX,YONEX ASTROX,ASTROX 0.7 DG 天斧0.7DG AX0.7DG ASTROX0.7DG 天斧系列；YONEX ASTROX 0；ASTROX0；AX0；天斧,400,参考价，非实时成交价；本系统不做交易、库存或下单判断,YONEX-ASTROX-0,YONEX ASTROX 0,歧义，需要人工确认,已对应,NO,YES,非精确对应，保留人工复核,已标准化商品名；知识库价格不同步，需人工确认
338,ASTROX 100 TOUR BP 天斧100TOURBP AX,YONEX ASTROX 100 TOUR BP,YONEX,尤尼克斯,ASTROX 100 TOUR BP,YONEX ASTROX 100 TOUR BP,ASTROX 100 TOUR BP 天斧100TOURBP AX；YONEX ASTROX 100 TOUR；ASTROX100；天斧,950,参考价，非实时成交价；本系统不做交易、库存或下单判断,YONEX-ASTROX-100-TOUR,YONEX ASTROX 100 TOUR,可按基准型号对应,已对应（在知识库价格范围内）,NO,YES,非精确对应，保留人工复核,已标准化商品名；知识库价格不同步，需人工确认
339,ASTROX 100 TOUR VA 天斧100TOUR安赛龙 AX100TOURVA AX100T AX,YONEX ASTROX 100 TOUR,YONEX,尤尼克斯,ASTROX 100 TOUR,YONEX ASTROX 100 TOUR,ASTROX 100 TOUR VA 天斧100TOUR安赛龙 AX100TOURVA AX100T AX；YONEX ASTROX 100 TOUR VA；ASTROX100；AX100TOURVA；AX100T；天斧,1180,参考价，非实时成交价；本系统不做交易、库存或下单判断,YONEX-ASTROX-100-TOUR-VA,YONEX ASTROX 100 TOUR VA,歧义，需要人工确认,已对应,NO,YES,非精确对应，保留人工复核,已标准化商品名；知识库价格不同步，需人工确认
342,ASTROX 100ZZ BP AX100ZZBP 天斧100ZZBP ASTROX100ZZBP 100ZZBP 100ZZ紫金 天斧系列,YONEX ASTROX 100ZZ BP,YONEX,尤尼克斯,ASTROX 100ZZ BP,YONEX ASTROX 100ZZ BP,ASTROX 100ZZ BP AX100ZZBP 天斧100ZZBP ASTROX100ZZBP 100ZZBP 100ZZ紫金 天斧系列；YONEX ASTROX 100ZZ；ASTROX100ZZ；AX100ZZBP；ASTROX100ZZBP；天斧,1930,参考价，非实时成交价；本系统不做交易、库存或下单判断,YONEX-ASTROX-100ZZ,YONEX ASTROX 100ZZ,可按基准型号对应,已对应,NO,YES,非精确对应，保留人工复核,已标准化商品名；知识库价格不同步，需人工确认
343,ASTROX 100ZZ VA 100ZZ安赛龙 100ZZVA 100VAZZ 天斧100ZZ安赛龙 AX100ZZ安赛龙 AX100VAZ 天斧系列,YONEX ASTROX 100ZZ VA,YONEX,尤尼克斯,ASTROX 100ZZ VA,YONEX ASTROX 100ZZ VA,ASTROX 100ZZ VA 100ZZ安赛龙 100ZZVA 100VAZZ 天斧100ZZ安赛龙 AX100ZZ安赛龙 AX100VAZ 天斧系列；YONEX ASTROX 100ZZ VA；ASTROX100ZZ；AX100VAZ；天斧,2150,参考价，非实时成交价；本系统不做交易、库存或下单判断,YONEX-ASTROX-100ZZ-VA,YONEX ASTROX 100ZZ VA,模糊对应-建议人工确认,已对应,NO,YES,非精确对应，保留人工复核,已标准化商品名；知识库价格不同步，需人工确认
353,ASTROX 22 F 天斧22F AX22F 天斧系列,YONEX ASTROX 22 RX,YONEX,尤尼克斯,ASTROX 22 RX,YONEX ASTROX 22 RX,ASTROX 22 F 天斧22F AX22F 天斧系列；YONEX ASTROX 22 RX；ASTROX22；AX22F；天斧,880,参考价，非实时成交价；本系统不做交易、库存或下单判断,YONEX-ASTROX-22,YONEX ASTROX 22 RX,模糊对应-建议人工确认,已对应（在知识库价格范围内）,NO,YES,非精确对应，保留人工复核,已标准化商品名；知识库价格不同步，需人工确认
374,ASTROX 70 BP AX70BP 天斧70BP 天斧系列,YONEX ASTROX 70 BP,YONEX,尤尼克斯,ASTROX 70 BP,YONEX ASTROX 70 BP,ASTROX 70 BP AX70BP 天斧70BP 天斧系列；YONEX ASTROX 70；ASTROX70；AX70BP；天斧,900,参考价，非实时成交价；本系统不做交易、库存或下单判断,YONEX-ASTROX-70,YONEX ASTROX 70,可按基准型号对应,已对应（在知识库价格范围内）,NO,YES,非精确对应，保留人工复核,已标准化商品名；知识库价格不同步，需人工确认
377,ASTROX 77 BP 天斧77bp ASTROX77BP AX77BP 天斧系列,YONEX ASTROX 77 BP,YONEX,尤尼克斯,ASTROX 77 BP,YONEX ASTROX 77 BP,ASTROX 77 BP 天斧77bp ASTROX77BP AX77BP 天斧系列；YONEX ASTROX 77；ASTROX77；ASTROX77BP；AX77BP；天斧,1100,参考价，非实时成交价；本系统不做交易、库存或下单判断,YONEX-ASTROX-77,YONEX ASTROX 77,可按基准型号对应,已对应（在知识库价格范围内）,NO,YES,非精确对应，保留人工复核,已标准化商品名；知识库价格不同步，需人工确认
383,ASTROX 77 TOUR BP 天斧7TOURBP AX77TOURBP 天斧系列,YONEX ASTROX 77 TOUR BP,YONEX,尤尼克斯,ASTROX 77 TOUR BP,YONEX ASTROX 77 TOUR BP,ASTROX 77 TOUR BP 天斧7TOURBP AX77TOURBP 天斧系列；YONEX ASTROX 77 TOUR；ASTROX77；AX77TOURBP；天斧,1100,参考价，非实时成交价；本系统不做交易、库存或下单判断,YONEX-ASTROX-77-TOUR,YONEX ASTROX 77 TOUR,可按基准型号对应,已对应（在知识库价格范围内）,NO,YES,非精确对应，保留人工复核,已标准化商品名；知识库价格不同步，需人工确认
401,ASTROX 88S PRO BP 天斧88SPBP AX88S,YONEX ASTROX 88S PRO BP,YONEX,尤尼克斯,ASTROX 88S PRO BP,YONEX ASTROX 88S PRO BP,ASTROX 88S PRO BP 天斧88SPBP AX88S；YONEX ASTROX 88S PRO；ASTROX88S；AX88S；天斧,1780,参考价，非实时成交价；本系统不做交易、库存或下单判断,YONEX-ASTROX-88S-PRO,YONEX ASTROX 88S PRO,可按基准型号对应,已对应（在知识库价格范围内）,NO,YES,非精确对应，保留人工复核,已标准化商品名；知识库价格不同步，需人工确认
413,ASTROX 99 BP 99BP AX99BP 天斧99BP 天斧系列,YONEX ARCSABER 9BP,YONEX,尤尼克斯,ARCSABER 9BP,YONEX ARCSABER 9BP,ASTROX 99 BP 99BP AX99BP 天斧99BP 天斧系列；YONEX ARCSABER 9BP；ASTROX99；BP99BP；AX99BP；天斧,1045,参考价，非实时成交价；本系统不做交易、库存或下单判断,YONEX-ARCSABER-9BP,YONEX ARCSABER 9BP,低置信对应-需人工确认,已按清单价与知识库价平均覆盖,YES,YES,价格已覆盖；名称/型号对应仍建议复核,参考价已按清单价与知识库价平均值覆盖；同步到知识库
418,ASTROX 99 PRO BP AX99PROBP 天斧99PROBP AX99,YONEX ASTROX 99 PRO BP,YONEX,尤尼克斯,ASTROX 99 PRO BP,YONEX ASTROX 99 PRO BP,ASTROX 99 PRO BP AX99PROBP 天斧99PROBP AX99；YONEX ASTROX 99 PRO；ASTROX99；AX99PROBP；AX99；天斧,1900,参考价，非实时成交价；本系统不做交易、库存或下单判断,YONEX-ASTROX-99-PRO,YONEX ASTROX 99 PRO,可按基准型号对应,已对应（在知识库价格范围内）,NO,YES,非精确对应，保留人工复核,已标准化商品名；知识库价格不同步，需人工确认
429,ASTROX FB 天斧FB ASTROXFB AXFB AX,YONEX ASTROX,YONEX,尤尼克斯,ASTROX,YONEX ASTROX,ASTROX FB 天斧FB ASTROXFB AXFB AX；YONEX ASTROX FB；天斧,600,参考价，非实时成交价；本系统不做交易、库存或下单判断,YONEX-ASTROX-FB,YONEX ASTROX FB,歧义，需要人工确认,已对应,NO,YES,非精确对应，保留人工复核,已标准化商品名；知识库价格不同步，需人工确认
430,ASTROX FD AXFDEX 天斧FD ASTROXFD 天斧系列,YONEX ASTROX,YONEX,尤尼克斯,ASTROX,YONEX ASTROX,ASTROX FD AXFDEX 天斧FD ASTROXFD 天斧系列；YONEX ASTROX FD；天斧,600,参考价，非实时成交价；本系统不做交易、库存或下单判断,YONEX-ASTROX-FD,YONEX ASTROX FD,歧义，需要人工确认,已对应,NO,YES,非精确对应，保留人工复核,已标准化商品名；知识库价格不同步，需人工确认
432,ASTROX GS 天斧GS AX,YONEX ASTROX,YONEX,尤尼克斯,ASTROX,YONEX ASTROX,ASTROX GS 天斧GS AX；YONEX ASTROX GS；天斧,600,参考价，非实时成交价；本系统不做交易、库存或下单判断,YONEX-ASTROX-GS,YONEX ASTROX GS,歧义，需要人工确认,已对应,NO,YES,非精确对应，保留人工复核,已标准化商品名；知识库价格不同步，需人工确认
439,ASTROX RC 天斧RC AXRC 天斧系列,YONEX ASTROX,YONEX,尤尼克斯,ASTROX,YONEX ASTROX,ASTROX RC 天斧RC AXRC 天斧系列；YONEX ASTROX RC；天斧,600,参考价，非实时成交价；本系统不做交易、库存或下单判断,YONEX-ASTROX-RC,YONEX ASTROX RC,歧义，需要人工确认,已对应,NO,YES,非精确对应，保留人工复核,已标准化商品名；知识库价格不同步，需人工确认
440,ASTROX SMASH 天斧SMASH AXSMASH AXSMGE 天斧系列,YONEX ASTROX,YONEX,尤尼克斯,ASTROX,YONEX ASTROX,ASTROX SMASH 天斧SMASH AXSMASH AXSMGE 天斧系列；YONEX ASTROX SMASH；天斧,600,参考价，非实时成交价；本系统不做交易、库存或下单判断,YONEX-ASTROX-SMASH,YONEX ASTROX SMASH,歧义，需要人工确认,已对应,NO,YES,非精确对应，保留人工复核,已标准化商品名；知识库价格不同步，需人工确认
441,ASTROX SV 天斧SV AXSV AXSV,YONEX ASTROX,YONEX,尤尼克斯,ASTROX,YONEX ASTROX,ASTROX SV 天斧SV AXSV AXSV；YONEX ASTROX；天斧,600,参考价，非实时成交价；本系统不做交易、库存或下单判断,YONEX-ASTROX,YONEX ASTROX,精确对应,已对应（在知识库价格范围内）,NO,YES,疑似匹配到系列/泛型号，需人工确认,已标准化商品名；知识库价格不同步，需人工确认
443,ASTROX TX 天斧TX AX,YONEX ASTROX,YONEX,尤尼克斯,ASTROX,YONEX ASTROX,ASTROX TX 天斧TX AX；YONEX ASTROX TX；天斧,900,参考价，非实时成交价；本系统不做交易、库存或下单判断,YONEX-ASTROX-TX,YONEX ASTROX TX,歧义，需要人工确认,已对应,NO,YES,非精确对应，保留人工复核,已标准化商品名；知识库价格不同步，需人工确认
444,ASTROX 偃月刀 天斧偃月刀 天斧樱花刀 AXstrike 天斧系列,YONEX ASTROX,YONEX,尤尼克斯,ASTROX,YONEX ASTROX,ASTROX 偃月刀 天斧偃月刀 天斧樱花刀 AXstrike 天斧系列；YONEX ASTROX；天斧,600,参考价，非实时成交价；本系统不做交易、库存或下单判断,YONEX-ASTROX,YONEX ASTROX,精确对应,已对应（在知识库价格范围内）,NO,YES,疑似匹配到系列/泛型号，需人工确认,已标准化商品名；知识库价格不同步，需人工确认
445,ASTROX 玄黑 天斧玄黑 AX玄黑 AXBKEX 天斧小黑切 天斧系列,YONEX ASTROX,YONEX,尤尼克斯,ASTROX,YONEX ASTROX,ASTROX 玄黑 天斧玄黑 AX玄黑 AXBKEX 天斧小黑切 天斧系列；YONEX ASTROX；天斧,600,参考价，非实时成交价；本系统不做交易、库存或下单判断,YONEX-ASTROX,YONEX ASTROX,精确对应,已对应（在知识库价格范围内）,NO,YES,疑似匹配到系列/泛型号，需人工确认,已标准化商品名；知识库价格不同步，需人工确认
447,Astrox Cosmic Swirl 天斧CS AXCS 天斧系列,YONEX ASTROX,YONEX,尤尼克斯,ASTROX,YONEX ASTROX,Astrox Cosmic Swirl 天斧CS AXCS 天斧系列；YONEX ASTROX COSMIC；天斧,600,参考价，非实时成交价；本系统不做交易、库存或下单判断,YONEX-ASTROX-COSMIC,YONEX ASTROX COSMIC,歧义，需要人工确认,已对应,NO,YES,非精确对应，保留人工复核,已标准化商品名；知识库价格不同步，需人工确认
449,VOLTRIC 0.5 DG 威力0.5DG VT0.5DG 威力系列,YONEX VOLTRIC 0,YONEX,尤尼克斯,VOLTRIC 0,YONEX VOLTRIC 0,VOLTRIC 0.5 DG 威力0.5DG VT0.5DG 威力系列；YONEX VOLTRIC 0；VOLTRIC0；VT0,380,参考价，非实时成交价；本系统不做交易、库存或下单判断,YONEX-VOLTRIC-0,YONEX VOLTRIC 0,模糊对应-建议人工确认,已对应,NO,YES,非精确对应，保留人工复核,已标准化商品名；知识库价格不同步，需人工确认
450,VOLTRIC 0.7 DG 威力0.7dg VT0.7DG 威力系列,YONEX VOLTRIC 0,YONEX,尤尼克斯,VOLTRIC 0,YONEX VOLTRIC 0,VOLTRIC 0.7 DG 威力0.7dg VT0.7DG 威力系列；YONEX VOLTRIC 0；VOLTRIC0；VT0,380,参考价，非实时成交价；本系统不做交易、库存或下单判断,YONEX-VOLTRIC-0,YONEX VOLTRIC 0,模糊对应-建议人工确认,已对应,NO,YES,非精确对应，保留人工复核,已标准化商品名；知识库价格不同步，需人工确认
455,VOLTRIC 1 LD 威力1LD VT1LD VT,YONEX VOLTRIC 1,YONEX,尤尼克斯,VOLTRIC 1,YONEX VOLTRIC 1,VOLTRIC 1 LD 威力1LD VT1LD VT；YONEX VOLTRIC 1；VOLTRIC1；VT1LD,380,参考价，非实时成交价；本系统不做交易、库存或下单判断,YONEX-VOLTRIC-1,YONEX VOLTRIC 1,模糊对应-建议人工确认,已对应,NO,YES,非精确对应，保留人工复核,已标准化商品名；知识库价格不同步，需人工确认
460,VOLTRIC 100 LIGHT LCW VT100LTLCW 威力系列,YONEX VOLTRIC 100,YONEX,尤尼克斯,VOLTRIC 100,YONEX VOLTRIC 100,VOLTRIC 100 LIGHT LCW VT100LTLCW 威力系列；YONEX VOLTRIC 100 LIGHT LCW；VOLTRIC100；VT100LTLCW,1100,参考价，非实时成交价；本系统不做交易、库存或下单判断,YONEX-VOLTRIC-100-LIGHT-LCW,YONEX VOLTRIC 100 LIGHT LCW,歧义，需要人工确认,已对应,NO,YES,非精确对应，保留人工复核,已标准化商品名；知识库价格不同步，需人工确认
469,VOLTRIC 3 VT3 VT,YONEX VOLTRIC 3,YONEX,尤尼克斯,VOLTRIC 3,YONEX VOLTRIC 3,VOLTRIC 3 VT3 VT；YONEX VOLTRIC 3；VOLTRIC3；VT3,380,参考价，非实时成交价；本系统不做交易、库存或下单判断,YONEX-VOLTRIC-3,YONEX VOLTRIC 3,模糊对应-建议人工确认,已对应,NO,YES,非精确对应，保留人工复核,已标准化商品名；知识库价格不同步，需人工确认
471,VOLTRIC 5 FX 威力5FX VT5FXEX VT5FX VOLTRIC5FX 威力系列,YONEX VOLTRIC 5,YONEX,尤尼克斯,VOLTRIC 5,YONEX VOLTRIC 5,VOLTRIC 5 FX 威力5FX VT5FXEX VT5FX VOLTRIC5FX 威力系列；YONEX VOLTRIC 5；VOLTRIC5；VT5FXEX；VT5FX；VOLTRIC5FX,380,参考价，非实时成交价；本系统不做交易、库存或下单判断,YONEX-VOLTRIC-5,YONEX VOLTRIC 5,模糊对应-建议人工确认,已对应,NO,YES,非精确对应，保留人工复核,已标准化商品名；知识库价格不同步，需人工确认
473,VOLTRIC 50 E,YONEX VOLTRIC 50 E-TUNE,YONEX,尤尼克斯,VOLTRIC 50 E-TUNE,YONEX VOLTRIC 50 E-TUNE,VOLTRIC 50 E；YONEX VOLTRIC 50 E-TUNE；VOLTRIC50,750,参考价，非实时成交价；本系统不做交易、库存或下单判断,YONEX-VOLTRIC-50,YONEX VOLTRIC 50 E-TUNE,模糊对应-建议人工确认,已对应,NO,YES,非精确对应，保留人工复核,已标准化商品名；知识库价格不同步，需人工确认
478,VOLTRIC 7 LD 威力7LD VT,YONEX VOLTRIC 7,YONEX,尤尼克斯,VOLTRIC 7,YONEX VOLTRIC 7,VOLTRIC 7 LD 威力7LD VT；YONEX VOLTRIC 7；VOLTRIC7,380,参考价，非实时成交价；本系统不做交易、库存或下单判断,YONEX-VOLTRIC-7,YONEX VOLTRIC 7,模糊对应-建议人工确认,已对应,NO,YES,非精确对应，保留人工复核,已标准化商品名；知识库价格不同步，需人工确认
482,VOLTRIC 70 VT70 威力70 VT,YONEX VOLTRIC 70 E-TUNE,YONEX,尤尼克斯,VOLTRIC 70 E-TUNE,YONEX VOLTRIC 70 E-TUNE,VOLTRIC 70 VT70 威力70 VT；YONEX VOLTRIC 70 E-TUNE；VOLTRIC70；VT70,980,参考价，非实时成交价；本系统不做交易、库存或下单判断,YONEX-VOLTRIC-70,YONEX VOLTRIC 70 E-TUNE,模糊对应-建议人工确认,已对应,NO,YES,非精确对应，保留人工复核,已标准化商品名；知识库价格不同步，需人工确认
485,VOLTRIC 8 E,YONEX VOLTRIC 8,YONEX,尤尼克斯,VOLTRIC 8,YONEX VOLTRIC 8,VOLTRIC 8 E；YONEX VOLTRIC 8；VOLTRIC8,380,参考价，非实时成交价；本系统不做交易、库存或下单判断,YONEX-VOLTRIC-8,YONEX VOLTRIC 8,模糊对应-建议人工确认,已对应,NO,YES,非精确对应，保留人工复核,已标准化商品名；知识库价格不同步，需人工确认
486,VOLTRIC 8 LD VT8LD VT,YONEX VOLTRIC 8,YONEX,尤尼克斯,VOLTRIC 8,YONEX VOLTRIC 8,VOLTRIC 8 LD VT8LD VT；YONEX VOLTRIC 8；VOLTRIC8；VT8LD,380,参考价，非实时成交价；本系统不做交易、库存或下单判断,YONEX-VOLTRIC-8,YONEX VOLTRIC 8,模糊对应-建议人工确认,已对应,NO,YES,非精确对应，保留人工复核,已标准化商品名；知识库价格不同步，需人工确认
489,VOLTRIC 80 PG 威力80PG VT80PG 盖德 VOLTRIC80PG 威力系列,YONEX VOLTRIC 80 E-TUNE,YONEX,尤尼克斯,VOLTRIC 80 E-TUNE,YONEX VOLTRIC 80 E-TUNE,VOLTRIC 80 PG 威力80PG VT80PG 盖德 VOLTRIC80PG 威力系列；YONEX VOLTRIC 80 E-TUNE；VOLTRIC80；VT80PG；VOLTRIC80PG,1280,参考价，非实时成交价；本系统不做交易、库存或下单判断,YONEX-VOLTRIC-80,YONEX VOLTRIC 80 E-TUNE,模糊对应-建议人工确认,已对应,NO,YES,非精确对应，保留人工复核,已标准化商品名；知识库价格不同步，需人工确认
492,VOLTRIC 9 LTD 威力9LTD VT9LTD VT,YONEX VOLTRIC 9 LTD,YONEX,尤尼克斯,VOLTRIC 9 LTD,YONEX VOLTRIC 9 LTD,VOLTRIC 9 LTD 威力9LTD VT9LTD VT；YONEX VOLTRIC 9；VOLTRIC9；VT9LTD,380,参考价，非实时成交价；本系统不做交易、库存或下单判断,YONEX-VOLTRIC-9,YONEX VOLTRIC 9,可按基准型号对应,已对应,NO,YES,非精确对应，保留人工复核,已标准化商品名；知识库价格不同步，需人工确认
499,VOLTRIC FB BP VTFBBP 威力系列,YONEX VOLTRIC FB,YONEX,尤尼克斯,VOLTRIC FB,YONEX VOLTRIC FB,VOLTRIC FB BP VTFBBP 威力系列；YONEX VOLTRIC FB,600,参考价，非实时成交价；本系统不做交易、库存或下单判断,YONEX-VOLTRIC-FB,YONEX VOLTRIC FB,低置信对应-需人工确认,已对应,NO,YES,非精确对应，保留人工复核,已标准化商品名；知识库价格不同步，需人工确认
500,VOLTRIC FB 威力FB VTFB VT,YONEX VOLTRIC FB,YONEX,尤尼克斯,VOLTRIC FB,YONEX VOLTRIC FB,VOLTRIC FB 威力FB VTFB VT；YONEX VOLTRIC FB,600,参考价，非实时成交价；本系统不做交易、库存或下单判断,YONEX-VOLTRIC-FB,YONEX VOLTRIC FB,模糊对应-建议人工确认,已对应,NO,YES,非精确对应，保留人工复核,已标准化商品名；知识库价格不同步，需人工确认
501,VOLTRIC FB 黑/玫红 VTFB VT,YONEX VOLTRIC FB,YONEX,尤尼克斯,VOLTRIC FB,YONEX VOLTRIC FB,VOLTRIC FB 黑/玫红 VTFB VT；YONEX VOLTRIC FB,600,参考价，非实时成交价；本系统不做交易、库存或下单判断,YONEX-VOLTRIC-FB,YONEX VOLTRIC FB,模糊对应-建议人工确认,已对应,NO,YES,非精确对应，保留人工复核,已标准化商品名；知识库价格不同步，需人工确认
505,VOLTRIC IFORCE 威力IF VTIF VT,YONEX VOLTRIC I-FORCE,YONEX,尤尼克斯,VOLTRIC I-FORCE,YONEX VOLTRIC I-FORCE,VOLTRIC IFORCE 威力IF VTIF VT；YONEX VOLTRIC I-FORCE,1500,参考价，非实时成交价；本系统不做交易、库存或下单判断,YONEX-VOLTRIC-I-FORCE,YONEX VOLTRIC I-FORCE,模糊对应-建议人工确认,已对应,NO,YES,非精确对应，保留人工复核,已标准化商品名；知识库价格不同步，需人工确认
519,Voltric 0.1DG VT0.1DG 威力0.1DG 威力系列,YONEX VOLTRIC 0,YONEX,尤尼克斯,VOLTRIC 0,YONEX VOLTRIC 0,Voltric 0.1DG VT0.1DG 威力0.1DG 威力系列；YONEX VOLTRIC 0；VOLTRIC0；VT0,380,参考价，非实时成交价；本系统不做交易、库存或下单判断,YONEX-VOLTRIC-0,YONEX VOLTRIC 0,模糊对应-建议人工确认,已对应,NO,YES,非精确对应，保留人工复核,已标准化商品名；知识库价格不同步，需人工确认
520,Voltric 0.9DG Slim 威力0.9DGslim VT0.9DGSLIM VT,YONEX VOLTRIC 0,YONEX,尤尼克斯,VOLTRIC 0,YONEX VOLTRIC 0,Voltric 0.9DG Slim 威力0.9DGslim VT0.9DGSLIM VT；YONEX VOLTRIC 0；VOLTRIC0；VT0,380,参考价，非实时成交价；本系统不做交易、库存或下单判断,YONEX-VOLTRIC-0,YONEX VOLTRIC 0,模糊对应-建议人工确认,已对应,NO,YES,非精确对应，保留人工复核,已标准化商品名；知识库价格不同步，需人工确认
536,ARCSABER 10 LV 白 弓10 ARC10LVPG 弓箭10 白弓 弓剑10 ARCSABER10LV白 白弓盖德 弓剑系列,YONEX ARCSABER 10,YONEX,尤尼克斯,ARCSABER 10,YONEX ARCSABER 10,ARCSABER 10 LV 白 弓10 ARC10LVPG 弓箭10 白弓 弓剑10 ARCSABER10LV白 白弓盖德 弓剑系列；YONEX ARCSABER 10；ARCSABER10；ARC10LVPG；弓剑；弓箭,2800,参考价，非实时成交价；本系统不做交易、库存或下单判断,YONEX-ARCSABER-10,YONEX ARCSABER 10,模糊对应-建议人工确认,已对应,NO,YES,非精确对应，保留人工复核,已标准化商品名；知识库价格不同步，需人工确认
537,ARCSABER 10 LV 红 ARC10LV ARC10 弓剑10LV 红弓1LV ARC,YONEX ARCSABER 10,YONEX,尤尼克斯,ARCSABER 10,YONEX ARCSABER 10,ARCSABER 10 LV 红 ARC10LV ARC10 弓剑10LV 红弓1LV ARC；YONEX ARCSABER 10；ARCSABER10；ARC10LV；ARC10；弓剑,2800,参考价，非实时成交价；本系统不做交易、库存或下单判断,YONEX-ARCSABER-10,YONEX ARCSABER 10,模糊对应-建议人工确认,已对应,NO,YES,非精确对应，保留人工复核,已标准化商品名；知识库价格不同步，需人工确认
538,ARCSABER 10 PG 弓10 ARC10 弓箭10 ARC10PG 弓剑10 弓剑系列,YONEX ARCSABER 10,YONEX,尤尼克斯,ARCSABER 10,YONEX ARCSABER 10,ARCSABER 10 PG 弓10 ARC10 弓箭10 ARC10PG 弓剑10 弓剑系列；YONEX ARCSABER 10；ARCSABER10；ARC10；ARC10PG；弓剑；弓箭,2800,参考价，非实时成交价；本系统不做交易、库存或下单判断,YONEX-ARCSABER-10,YONEX ARCSABER 10,模糊对应-建议人工确认,已对应,NO,YES,非精确对应，保留人工复核,已标准化商品名；知识库价格不同步，需人工确认
539,ARCSABER 10 TH 陶菲克 弓10 ARC10TH 弓箭10th 弓10TH 弓剑10 ARCSABER10TH 弓剑系列,YONEX ARCSABER 10,YONEX,尤尼克斯,ARCSABER 10,YONEX ARCSABER 10,ARCSABER 10 TH 陶菲克 弓10 ARC10TH 弓箭10th 弓10TH 弓剑10 ARCSABER10TH 弓剑系列；YONEX ARCSABER 10；ARCSABER10；ARC10TH；ARCSABER10TH；弓剑；弓箭,2800,参考价，非实时成交价；本系统不做交易、库存或下单判断,YONEX-ARCSABER-10,YONEX ARCSABER 10,模糊对应-建议人工确认,已对应,NO,YES,非精确对应，保留人工复核,已标准化商品名；知识库价格不同步，需人工确认
540,ARCSABER 10 premium2012 ARC10PR ARC,YONEX ARCSABER 10,YONEX,尤尼克斯,ARCSABER 10,YONEX ARCSABER 10,ARCSABER 10 premium2012 ARC10PR ARC；YONEX ARCSABER 10；ARCSABER10；PREMIUM2012；ARC10PR,2800,参考价，非实时成交价；本系统不做交易、库存或下单判断,YONEX-ARCSABER-10,YONEX ARCSABER 10,模糊对应-建议人工确认,已对应,NO,YES,非精确对应，保留人工复核,已标准化商品名；知识库价格不同步，需人工确认
542,ARCSABER 100 Limited Edition ARC100LTD 弓箭100ltd 弓剑100ltd 弓剑系列,YONEX ARCSABER 100 LIMITED,YONEX,尤尼克斯,ARCSABER 100 LIMITED,YONEX ARCSABER 100 LIMITED,ARCSABER 100 Limited Edition ARC100LTD 弓箭100ltd 弓剑100ltd 弓剑系列；YONEX ARCSABER 100；ARCSABER100；ARC100LTD；弓剑；弓箭,2800,参考价，非实时成交价；本系统不做交易、库存或下单判断,YONEX-ARCSABER-100,YONEX ARCSABER 100,可按基准型号对应,已对应,NO,YES,非精确对应，保留人工复核,已标准化商品名；知识库价格不同步，需人工确认
545,ARCSABER 11 BP 弓剑11BP ARC,YONEX ARCSABER 11 BP,YONEX,尤尼克斯,ARCSABER 11 BP,YONEX ARCSABER 11 BP,ARCSABER 11 BP 弓剑11BP ARC；YONEX ARCSABER 11；ARCSABER11；弓剑,1380,参考价，非实时成交价；本系统不做交易、库存或下单判断,YONEX-ARCSABER-11,YONEX ARCSABER 11,可按基准型号对应,已对应（在知识库价格范围内）,NO,YES,非精确对应，保留人工复核,已标准化商品名；知识库价格不同步，需人工确认
546,ARCSABER 11 BP 蓝白 ARC11BP ARC,YONEX ARCSABER 11 BP,YONEX,尤尼克斯,ARCSABER 11 BP,YONEX ARCSABER 11 BP,ARCSABER 11 BP 蓝白 ARC11BP ARC；YONEX ARCSABER 11；ARCSABER11；ARC11BP,1380,参考价，非实时成交价；本系统不做交易、库存或下单判断,YONEX-ARCSABER-11,YONEX ARCSABER 11,可按基准型号对应,已对应（在知识库价格范围内）,NO,YES,非精确对应，保留人工复核,已标准化商品名；知识库价格不同步，需人工确认
548,ARCSABER 11 PRO BP ARC11PROBP 弓剑11PROBP 弓11PRObp 弓剑系列,YONEX ARCSABER 11 PRO BP,YONEX,尤尼克斯,ARCSABER 11 PRO BP,YONEX ARCSABER 11 PRO BP,ARCSABER 11 PRO BP ARC11PROBP 弓剑11PROBP 弓11PRObp 弓剑系列；YONEX ARCSABER 11 PRO；ARCSABER11；ARC11PROBP；弓剑,1760,参考价，非实时成交价；本系统不做交易、库存或下单判断,YONEX-ARCSABER-11-PRO,YONEX ARCSABER 11 PRO,可按基准型号对应,已对应（在知识库价格范围内）,NO,YES,非精确对应，保留人工复核,已标准化商品名；知识库价格不同步，需人工确认
589,ARCSABER D5/D6 弓剑D5 弓剑D6 弓箭D5 弓箭D6 ARC,YONEX ARCSABER D5,YONEX,尤尼克斯,ARCSABER D5,YONEX ARCSABER D5,ARCSABER D5/D6 弓剑D5 弓剑D6 弓箭D5 弓箭D6 ARC；YONEX ARCSABER D5；D5；D6；弓剑；弓箭,500,参考价，非实时成交价；本系统不做交易、库存或下单判断,YONEX-ARCSABER-D5,YONEX ARCSABER D5,模糊对应-建议人工确认,已对应,NO,YES,非精确对应，保留人工复核,已标准化商品名；知识库价格不同步，需人工确认
591,ARCSABER FB BP 弓剑FBBP ARCFBBP 弓剑系列,YONEX ARCSABER 9BP,YONEX,尤尼克斯,ARCSABER 9BP,YONEX ARCSABER 9BP,ARCSABER FB BP 弓剑FBBP ARCFBBP 弓剑系列；YONEX ARCSABER 9BP；弓剑,1045,参考价，非实时成交价；本系统不做交易、库存或下单判断,YONEX-ARCSABER-9BP,YONEX ARCSABER 9BP,低置信对应-需人工确认,已按清单价与知识库价平均覆盖,YES,YES,价格已覆盖；名称/型号对应仍建议复核,参考价已按清单价与知识库价平均值覆盖；同步到知识库
592,ARCSABER FB 红蓝 ARC,YONEX ARCSABER FB,YONEX,尤尼克斯,ARCSABER FB,YONEX ARCSABER FB,ARCSABER FB 红蓝 ARC；YONEX ARCSABER FB,700,参考价，非实时成交价；本系统不做交易、库存或下单判断,YONEX-ARCSABER-FB,YONEX ARCSABER FB,模糊对应-建议人工确认,已对应,NO,YES,非精确对应，保留人工复核,已标准化商品名；知识库价格不同步，需人工确认
593,ARCSABER FB 蓝绿 ARCFB ARC,YONEX ARCSABER FB,YONEX,尤尼克斯,ARCSABER FB,YONEX ARCSABER FB,ARCSABER FB 蓝绿 ARCFB ARC；YONEX ARCSABER FB,700,参考价，非实时成交价；本系统不做交易、库存或下单判断,YONEX-ARCSABER-FB,YONEX ARCSABER FB,模糊对应-建议人工确认,已对应,NO,YES,非精确对应，保留人工复核,已标准化商品名；知识库价格不同步，需人工确认
594,ARCSABER FD 弓剑FD ARCFDEX ARCFD ARC,YONEX ARCSABER FD,YONEX,尤尼克斯,ARCSABER FD,YONEX ARCSABER FD,ARCSABER FD 弓剑FD ARCFDEX ARCFD ARC；YONEX ARCSABER FD；弓剑,700,参考价，非实时成交价；本系统不做交易、库存或下单判断,YONEX-ARCSABER-FD,YONEX ARCSABER FD,模糊对应-建议人工确认,已对应,NO,YES,非精确对应，保留人工复核,已标准化商品名；知识库价格不同步，需人工确认
622,NANOFLARE 170 LIGHT 疾光170LT NF,YONEX NANOFLARE 170 LIGHT,YONEX,尤尼克斯,NANOFLARE 170 LIGHT,YONEX NANOFLARE 170 LIGHT,NANOFLARE 170 LIGHT 疾光170LT NF；YONEX NANOFLARE 170 LIGHT；疾光,350,参考价，非实时成交价；本系统不做交易、库存或下单判断,YONEX-NANOFLARE-170-LIGHT,YONEX NANOFLARE 170 LIGHT,模糊对应-建议人工确认,已对应,NO,YES,非精确对应，保留人工复核,已标准化商品名；知识库价格不同步，需人工确认
636,NANOFLARE 700 BP NF700BP 疾光700BP 脆脆鲨 疾光系列,YONEX NANOFLARE 700 BP,YONEX,尤尼克斯,NANOFLARE 700 BP,YONEX NANOFLARE 700 BP,NANOFLARE 700 BP NF700BP 疾光700BP 脆脆鲨 疾光系列；YONEX NANOFLARE 700；NF700BP；疾光,1480,参考价，非实时成交价；本系统不做交易、库存或下单判断,YONEX-NANOFLARE-700,YONEX NANOFLARE 700,可按基准型号对应,已对应（在知识库价格范围内）,NO,YES,非精确对应，保留人工复核,已标准化商品名；知识库价格不同步，需人工确认
637,NANOFLARE 700 BP 水晶红 疾光700BP NF700BP NF,YONEX NANOFLARE 700 BP,YONEX,尤尼克斯,NANOFLARE 700 BP,YONEX NANOFLARE 700 BP,NANOFLARE 700 BP 水晶红 疾光700BP NF700BP NF；YONEX NANOFLARE 700；NF700BP；疾光,1480,参考价，非实时成交价；本系统不做交易、库存或下单判断,YONEX-NANOFLARE-700,YONEX NANOFLARE 700,可按基准型号对应,已对应（在知识库价格范围内）,NO,YES,非精确对应，保留人工复核,已标准化商品名；知识库价格不同步，需人工确认
640,NANOFLARE 700 LIMITED NF,YONEX NANOFLARE 700 LIMITED,YONEX,尤尼克斯,NANOFLARE 700 LIMITED,YONEX NANOFLARE 700 LIMITED,NANOFLARE 700 LIMITED NF；YONEX NANOFLARE 700,1480,参考价，非实时成交价；本系统不做交易、库存或下单判断,YONEX-NANOFLARE-700,YONEX NANOFLARE 700,可按基准型号对应,已对应（在知识库价格范围内）,NO,YES,非精确对应，保留人工复核,已标准化商品名；知识库价格不同步，需人工确认
645,NANOFLARE 700 TOUR 2NF,YONEX NANOFLARE 700 TOUR,YONEX,尤尼克斯,NANOFLARE 700 TOUR,YONEX NANOFLARE 700 TOUR,NANOFLARE 700 TOUR 2NF；YONEX NANOFLARE 700 TOUR；TOUR2NF,1070,参考价，非实时成交价；本系统不做交易、库存或下单判断,YONEX-NANOFLARE-700-TOUR,YONEX NANOFLARE 700 TOUR,模糊对应-建议人工确认,已对应,NO,YES,非精确对应，保留人工复核,已标准化商品名；知识库价格不同步，需人工确认
649,NANOFLARE 800 LT BP NANOFLARE800LTBP 疾光800ltbp NF800LTBP 疾光系列,YONEX NANOFLARE 800LT BP,YONEX,尤尼克斯,NANOFLARE 800LT BP,YONEX NANOFLARE 800LT BP,NANOFLARE 800 LT BP NANOFLARE800LTBP 疾光800ltbp NF800LTBP 疾光系列；YONEX NANOFLARE 800 LT；NF800LTBP；疾光,1400,参考价，非实时成交价；本系统不做交易、库存或下单判断,YONEX-NANOFLARE-800-LT,YONEX NANOFLARE 800 LT,可按基准型号对应,已对应,NO,YES,非精确对应，保留人工复核,已标准化商品名；知识库价格不同步，需人工确认
659,NANOFLARE DRIVE 疾光DR NFDRIVE NFDR NF,YONEX NANOFLARE,YONEX,尤尼克斯,NANOFLARE,YONEX NANOFLARE,NANOFLARE DRIVE 疾光DR NFDRIVE NFDR NF；YONEX NANOFLARE DRIVE；疾光,700,参考价，非实时成交价；本系统不做交易、库存或下单判断,YONEX-NANOFLARE-DRIVE,YONEX NANOFLARE DRIVE,歧义，需要人工确认,已对应,NO,YES,非精确对应，保留人工复核,已标准化商品名；知识库价格不同步，需人工确认
664,NANOFLARE IAB NFIAB 疾光IAB NF,YONEX NANOFLARE,YONEX,尤尼克斯,NANOFLARE,YONEX NANOFLARE,NANOFLARE IAB NFIAB 疾光IAB NF；YONEX NANOFLARE IAB；疾光,700,参考价，非实时成交价；本系统不做交易、库存或下单判断,YONEX-NANOFLARE-IAB,YONEX NANOFLARE IAB,歧义，需要人工确认,已对应,NO,YES,非精确对应，保留人工复核,已标准化商品名；知识库价格不同步，需人工确认
667,NANOFLARE SS 疾光SS NFSS NF,YONEX NANOFLARE,YONEX,尤尼克斯,NANOFLARE,YONEX NANOFLARE,NANOFLARE SS 疾光SS NFSS NF；YONEX NANOFLARE SS；疾光,700,参考价，非实时成交价；本系统不做交易、库存或下单判断,YONEX-NANOFLARE-SS,YONEX NANOFLARE SS,歧义，需要人工确认,已对应,NO,YES,非精确对应，保留人工复核,已标准化商品名；知识库价格不同步，需人工确认
670,NANOFLARE 皓白 NF皓白 疾光皓白 疾光系列,YONEX NANOFLARE,YONEX,尤尼克斯,NANOFLARE,YONEX NANOFLARE,NANOFLARE 皓白 NF皓白 疾光皓白 疾光系列；YONEX NANOFLARE；疾光,700,参考价，非实时成交价；本系统不做交易、库存或下单判断,YONEX-NANOFLARE,YONEX NANOFLARE,精确对应,已对应,NO,YES,疑似匹配到系列/泛型号，需人工确认,已标准化商品名；知识库价格不同步，需人工确认
672,AURASPEED HS PLUS 极音速 神速HSplus ARSHSPLUS ARS,VICTOR AURASPEED HS PLUS,VICTOR,胜利,AURASPEED HS PLUS,VICTOR AURASPEED HS PLUS,AURASPEED HS PLUS 极音速 神速HSplus ARSHSPLUS ARS；VICTOR AURASPEED HS PLUS；神速,1790,参考价，非实时成交价；本系统不做交易、库存或下单判断,VICTOR-AURASPEED-HS,VICTOR AURASPEED HS PLUS,模糊对应-建议人工确认,已对应,NO,YES,非精确对应，保留人工复核,已标准化商品名；知识库价格不同步，需人工确认
673,THRUSTER F 隼 黑金 黑金隼 黑隼 TKF隼 突击隼 TK,VICTOR THRUSTER F,VICTOR,胜利,THRUSTER F,VICTOR THRUSTER F,THRUSTER F 隼 黑金 黑金隼 黑隼 TKF隼 突击隼 TK；VICTOR THRUSTER F 隼 黑金 黑金隼 黑隼 TKF隼 突击隼 TK；突击,1880,参考价，非实时成交价；本系统不做交易、库存或下单判断,VICTOR-THRUSTER-F-隼-黑金-黑金隼-黑隼-TKF隼-突击隼-TK,VICTOR THRUSTER F 隼 黑金 黑金隼 黑隼 TKF隼 突击隼 TK,歧义，需要人工确认,已对应,NO,YES,非精确对应，保留人工复核,已标准化商品名；知识库价格不同步，需人工确认
674,THRUSTER HAWK TK,VICTOR THRUSTER HAWK,VICTOR,胜利,THRUSTER HAWK,VICTOR THRUSTER HAWK,THRUSTER HAWK TK；VICTOR THRUSTER HAWK,820,参考价，非实时成交价；本系统不做交易、库存或下单判断,VICTOR-THRUSTER-HAWK,VICTOR THRUSTER HAWK,模糊对应-建议人工确认,已对应,NO,YES,非精确对应，保留人工复核,已标准化商品名；知识库价格不同步，需人工确认
675,THRUSTER HMR F/M/U 突击HMR TKHMRM 突击铁锤 TKHMRF TKHMRU 大铁锤 威克多VICTOR 突击系列,VICTOR THRUSTER HMR,VICTOR,胜利,THRUSTER HMR,VICTOR THRUSTER HMR,THRUSTER HMR F/M/U 突击HMR TKHMRM 突击铁锤 TKHMRF TKHMRU 大铁锤 威克多VICTOR 突击系列；VICTOR THRUSTER HMR；突击,380,参考价，非实时成交价；本系统不做交易、库存或下单判断,VICTOR-THRUSTER-HMR,VICTOR THRUSTER HMR,模糊对应-建议人工确认,已对应,NO,YES,非精确对应，保留人工复核,已标准化商品名；知识库价格不同步，需人工确认
676,THRUSTER RYUGA METALLIC 黑龙牙 龙牙M TK,VICTOR THRUSTER RYUGA METALLIC,VICTOR,胜利,THRUSTER RYUGA METALLIC,VICTOR THRUSTER RYUGA METALLIC,THRUSTER RYUGA METALLIC 黑龙牙 龙牙M TK；VICTOR THRUSTER RYUGA METALLIC,1880,参考价，非实时成交价；本系统不做交易、库存或下单判断,VICTOR-THRUSTER-RYUGA-METALLIC,VICTOR THRUSTER RYUGA METALLIC,模糊对应-建议人工确认,已对应,NO,YES,非精确对应，保留人工复核,已标准化商品名；知识库价格不同步，需人工确认
677,THRUSTER RYUGA 龙牙之刃 TK,VICTOR THRUSTER RYUGA,VICTOR,胜利,THRUSTER RYUGA,VICTOR THRUSTER RYUGA,THRUSTER RYUGA 龙牙之刃 TK；VICTOR THRUSTER RYUGA,1480,参考价，非实时成交价；本系统不做交易、库存或下单判断,VICTOR-THRUSTER-RYUGA,VICTOR THRUSTER RYUGA,模糊对应-建议人工确认,已对应,NO,YES,非精确对应，保留人工复核,已标准化商品名；知识库价格不同步，需人工确认
679,NANORAY 100 SH NR100SHEX 锐速100SH NANORAY100SH 锐速系列,YONEX NANORAY 100,YONEX,尤尼克斯,NANORAY 100,YONEX NANORAY 100,NANORAY 100 SH NR100SHEX 锐速100SH NANORAY100SH 锐速系列；YONEX NANORAY 100；NANORAY100；NR100SHEX；NANORAY100SH；锐速,380,参考价，非实时成交价；本系统不做交易、库存或下单判断,YONEX-NANORAY-100,YONEX NANORAY 100,模糊对应-建议人工确认,已对应,NO,YES,非精确对应，保留人工复核,已标准化商品名；知识库价格不同步，需人工确认
685,NANORAY 20 NR,YONEX NANORAY 20,YONEX,尤尼克斯,NANORAY 20,YONEX NANORAY 20,NANORAY 20 NR；YONEX NANORAY 20；NANORAY20,380,参考价，非实时成交价；本系统不做交易、库存或下单判断,YONEX-NANORAY-20,YONEX NANORAY 20,模糊对应-建议人工确认,已对应,NO,YES,非精确对应，保留人工复核,已标准化商品名；知识库价格不同步，需人工确认
697,NANORAY 60 FX 锐速60FX NR60FX NR,YONEX NANORAY 60,YONEX,尤尼克斯,NANORAY 60,YONEX NANORAY 60,NANORAY 60 FX 锐速60FX NR60FX NR；YONEX NANORAY 60；NANORAY60；NR60FX；锐速,380,参考价，非实时成交价；本系统不做交易、库存或下单判断,YONEX-NANORAY-60,YONEX NANORAY 60,模糊对应-建议人工确认,已对应,NO,YES,非精确对应，保留人工复核,已标准化商品名；知识库价格不同步，需人工确认
705,NANORAY 7000 LD 锐速7000LD NR7000LD NR,YONEX NANORAY 7000,YONEX,尤尼克斯,NANORAY 7000,YONEX NANORAY 7000,NANORAY 7000 LD 锐速7000LD NR7000LD NR；YONEX NANORAY 7000；NANORAY7000；NR7000LD；锐速,1100,参考价，非实时成交价；本系统不做交易、库存或下单判断,YONEX-NANORAY-7000,YONEX NANORAY 7000,模糊对应-建议人工确认,已对应,NO,YES,非精确对应，保留人工复核,已标准化商品名；知识库价格不同步，需人工确认
711,NANORAY 750 BP NR750BP 锐速750BP NR,YONEX NANORAY 750 BP,YONEX,尤尼克斯,NANORAY 750 BP,YONEX NANORAY 750 BP,NANORAY 750 BP NR750BP 锐速750BP NR；YONEX NANORAY 750；NANORAY750；NR750BP；锐速,900,参考价，非实时成交价；本系统不做交易、库存或下单判断,YONEX-NANORAY-750,YONEX NANORAY 750,可按基准型号对应,已对应,NO,YES,非精确对应，保留人工复核,已标准化商品名；知识库价格不同步，需人工确认
715,NANORAY 80 FX 锐速80FX NR80FXEX NR,YONEX NANORAY 80,YONEX,尤尼克斯,NANORAY 80,YONEX NANORAY 80,NANORAY 80 FX 锐速80FX NR80FXEX NR；YONEX NANORAY 80；NANORAY80；NR80FXEX；锐速,380,参考价，非实时成交价；本系统不做交易、库存或下单判断,YONEX-NANORAY-80,YONEX NANORAY 80,模糊对应-建议人工确认,已对应,NO,YES,非精确对应，保留人工复核,已标准化商品名；知识库价格不同步，需人工确认
721,NANORAY 900 AH/SE 锐速900 NR900AH NR900SE NANORAY900 锐速系列,YONEX NANORAY 900,YONEX,尤尼克斯,NANORAY 900,YONEX NANORAY 900,NANORAY 900 AH/SE 锐速900 NR900AH NR900SE NANORAY900 锐速系列；YONEX NANORAY 900；NANORAY900；NR900AH；NR900SE；锐速,1100,参考价，非实时成交价；本系统不做交易、库存或下单判断,YONEX-NANORAY-900,YONEX NANORAY 900,模糊对应-建议人工确认,已对应,NO,YES,非精确对应，保留人工复核,已标准化商品名；知识库价格不同步，需人工确认
740,NANORAY Dynamic Action 锐速DA NR,YONEX NANORAY DYNAMIC,YONEX,尤尼克斯,NANORAY DYNAMIC,YONEX NANORAY DYNAMIC,NANORAY Dynamic Action 锐速DA NR；YONEX NANORAY DYNAMIC；锐速,550,参考价，非实时成交价；本系统不做交易、库存或下单判断,YONEX-NANORAY-DYNAMIC,YONEX NANORAY DYNAMIC,模糊对应-建议人工确认,已对应,NO,YES,非精确对应，保留人工复核,已标准化商品名；知识库价格不同步，需人工确认
741,NANORAY Dynamic RX 锐速系列,YONEX NANORAY DYNAMIC,YONEX,尤尼克斯,NANORAY DYNAMIC,YONEX NANORAY DYNAMIC,NANORAY Dynamic RX 锐速系列；YONEX NANORAY DYNAMIC；锐速,550,参考价，非实时成交价；本系统不做交易、库存或下单判断,YONEX-NANORAY-DYNAMIC,YONEX NANORAY DYNAMIC,模糊对应-建议人工确认,已对应,NO,YES,非精确对应，保留人工复核,已标准化商品名；知识库价格不同步，需人工确认
751,310TI AYPD388 Lining,LI-NING 310TI,LI-NING,李宁,310TI,LI-NING 310TI,310TI AYPD388 Lining；LI-NING 310TI；AYPD388,400,参考价，非实时成交价；本系统不做交易、库存或下单判断,LI-NING-310TI,LI-NING 310TI,模糊对应-建议人工确认,已对应,NO,YES,非精确对应，保留人工复核,已标准化商品名；知识库价格不同步，需人工确认
752,320TI AYPD390 Lining,LI-NING 320TI,LI-NING,李宁,320TI,LI-NING 320TI,320TI AYPD390 Lining；LI-NING 320TI；AYPD390,400,参考价，非实时成交价；本系统不做交易、库存或下单判断,LI-NING-320TI,LI-NING 320TI,模糊对应-建议人工确认,已对应,NO,YES,非精确对应，保留人工复核,已标准化商品名；知识库价格不同步，需人工确认
793,BP350Ti 350Ti Lining,LI-NING 350TI,LI-NING,李宁,350TI,LI-NING 350TI,BP350Ti 350Ti Lining；LI-NING 350TI；BP350TI,400,参考价，非实时成交价；本系统不做交易、库存或下单判断,LI-NING-350TI,LI-NING 350TI,模糊对应-建议人工确认,已对应,NO,YES,非精确对应，保留人工复核,已标准化商品名；知识库价格不同步，需人工确认
806,Flame N36 AYPG002 Lining,LI-NING N36,LI-NING,李宁,N36,LI-NING N36,Flame N36 AYPG002 Lining；LI-NING N36；N36；AYPG002,350,参考价，非实时成交价；本系统不做交易、库存或下单判断,LI-NING-N36,LI-NING N36,模糊对应-建议人工确认,已对应,NO,YES,非精确对应，保留人工复核,已标准化商品名；知识库价格不同步，需人工确认
809,N90 IV AYPM264 N904 N90Ⅳ N904代 Lining,LI-NING WOODS N90,LI-NING,李宁,WOODS N90,LI-NING WOODS N90,N90 IV AYPM264 N904 N90Ⅳ N904代 Lining；LI-NING WOODS N90；N90；AYPM264；N904,2180,参考价，非实时成交价；本系统不做交易、库存或下单判断,LI-NING-WOODS-N90,LI-NING WOODS N90,模糊对应-建议人工确认,已对应（在知识库价格范围内）,NO,YES,非精确对应，保留人工复核,已标准化商品名；知识库价格不同步，需人工确认
822,TB NANO 200B TB200B Lining,LI-NING TB200B,LI-NING,李宁,TB200B,LI-NING TB200B,TB NANO 200B TB200B Lining；LI-NING TB200B；NANO200B；TB200B,380,参考价，非实时成交价；本系统不做交易、库存或下单判断,LI-NING-TB200B,LI-NING TB200B,模糊对应-建议人工确认,已对应,NO,YES,非精确对应，保留人工复核,已标准化商品名；知识库价格不同步，需人工确认
826,TB NANO N20 AYPF288 Lining,LI-NING N20,LI-NING,李宁,N20,LI-NING N20,TB NANO N20 AYPF288 Lining；LI-NING N20；N20；AYPF288,380,参考价，非实时成交价；本系统不做交易、库存或下单判断,LI-NING-N20,LI-NING N20,模糊对应-建议人工确认,已对应,NO,YES,非精确对应，保留人工复核,已标准化商品名；知识库价格不同步，需人工确认
829,TP100C AYPD130 Lining,LI-NING TP100C,LI-NING,李宁,TP100C,LI-NING TP100C,TP100C AYPD130 Lining；LI-NING TP100C；TP100C；AYPD130,400,参考价，非实时成交价；本系统不做交易、库存或下单判断,LI-NING-TP100C,LI-NING TP100C,模糊对应-建议人工确认,已对应,NO,YES,非精确对应，保留人工复核,已标准化商品名；知识库价格不同步，需人工确认
844,锋影900NEW 深圳大师赛限定配色 90new大师赛 Lining,LI-NING BLADEX 900 NEW,LI-NING,李宁,BLADEX 900 NEW,LI-NING BLADEX 900 NEW,锋影900NEW 深圳大师赛限定配色 90new大师赛 Lining；LI-NING 锋影900NEW 深圳大师赛限定配色 90NEW大师赛；锋影,400,参考价，非实时成交价；本系统不做交易、库存或下单判断,LI-NING-锋影900NEW-深圳大师赛限定配色-90NEW大师赛,LI-NING 锋影900NEW 深圳大师赛限定配色 90NEW大师赛,歧义，需要人工确认,已对应,NO,YES,非精确对应，保留人工复核,已标准化商品名；知识库价格不同步，需人工确认
859,220Ti AYPD400,LI-NING 220TI,LI-NING,李宁,220TI,LI-NING 220TI,220Ti AYPD400；LI-NING 220TI；AYPD400,400,参考价，非实时成交价；本系统不做交易、库存或下单判断,LI-NING-220TI,LI-NING 220TI,模糊对应-建议人工确认,已对应,NO,YES,非精确对应，保留人工复核,已标准化商品名；知识库价格不同步，需人工确认
870,RockS N33II 云动山 AYPE116 N33二代 Lining 山系列,LI-NING N33-II,LI-NING,李宁,N33-II,LI-NING N33-II,RockS N33II 云动山 AYPE116 N33二代 Lining 山系列；LI-NING N33-II；N33II；AYPE116,400,参考价，非实时成交价；本系统不做交易、库存或下单判断,LI-NING-N33-II,LI-NING N33-II,模糊对应-建议人工确认,已对应,NO,YES,非精确对应，保留人工复核,已标准化商品名；知识库价格不同步，需人工确认
871,Rocks N33 云动山 蔡贇 Lining 山系列,LI-NING N33,LI-NING,李宁,N33,LI-NING N33,Rocks N33 云动山 蔡贇 Lining 山系列；LI-NING N33；N33,320,参考价，非实时成交价；本系统不做交易、库存或下单判断,LI-NING-N33,LI-NING N33,模糊对应-建议人工确认,已对应,NO,YES,非精确对应，保留人工复核,已标准化商品名；知识库价格不同步，需人工确认
872,山系列礼盒 风林火山 AYPT065 Lining 山系列,LI-NING 礼盒 风林火山,LI-NING,李宁,礼盒 风林火山,LI-NING 礼盒 风林火山,山系列礼盒 风林火山 AYPT065 Lining 山系列；LI-NING 礼盒 风林火山；AYPT065,400,参考价，非实时成交价；本系统不做交易、库存或下单判断,LI-NING-礼盒-风林火山,LI-NING 礼盒 风林火山,模糊对应-建议人工确认,已对应（在知识库价格范围内）,NO,YES,非精确对应，保留人工复核,已标准化商品名；知识库价格不同步，需人工确认
879,战戟6000 HALBERTEC6000 AYPU007 Lining 战戟系列,LI-NING HALBERTEC 6000,LI-NING,李宁,HALBERTEC 6000,LI-NING HALBERTEC 6000,战戟6000 HALBERTEC6000 AYPU007 Lining 战戟系列；LI-NING 战戟6000 HALBERTEC6000；AYPU007；战戟,1080,参考价，非实时成交价；本系统不做交易、库存或下单判断,LI-NING-战戟6000-HALBERTEC6000,LI-NING 战戟6000 HALBERTEC6000,歧义，需要人工确认,已对应,NO,YES,非精确对应，保留人工复核,已标准化商品名；知识库价格不同步，需人工确认
880,战戟7000 HALBERTEC7000 AYPU013 Lining 战戟系列,LI-NING HALBERTEC 7000,LI-NING,李宁,HALBERTEC 7000,LI-NING HALBERTEC 7000,战戟7000 HALBERTEC7000 AYPU013 Lining 战戟系列；LI-NING 战戟7000 HALBERTEC7000；AYPU013；战戟,1380,参考价，非实时成交价；本系统不做交易、库存或下单判断,LI-NING-战戟7000-HALBERTEC7000,LI-NING 战戟7000 HALBERTEC7000,歧义，需要人工确认,已对应,NO,YES,非精确对应，保留人工复核,已标准化商品名；知识库价格不同步，需人工确认
881,战戟7000 Ⅱ 战戟7000二代 AYPWO15 战戟7000Ⅱ HALBERTEC7000Ⅱ HALBERTEC7000新色 Lining 战戟系列,LI-NING HALBERTEC 7000,LI-NING,李宁,HALBERTEC 7000,LI-NING HALBERTEC 7000,战戟7000 Ⅱ 战戟7000二代 AYPWO15 战戟7000Ⅱ HALBERTEC7000Ⅱ HALBERTEC7000新色 Lining 战戟系列；LI-NING 战戟7000 II 战戟7000二代 战戟7000II HALBERTEC7000II HALBERTEC7000新色；AYPWO15；战戟,1380,参考价，非实时成交价；本系统不做交易、库存或下单判断,LI-NING-战戟7000-II-战戟7000二代-战戟7000II-HALBERTEC7000II-HALBERTEC7000新色,LI-NING 战戟7000 II 战戟7000二代 战戟7000II HALBERTEC7000II HALBERTEC7000新色,歧义，需要人工确认,已对应,NO,YES,非精确对应，保留人工复核,已标准化商品名；知识库价格不同步，需人工确认
882,战戟8000 AYPT013 AYPT015 HALBERTEC8000 Lining 战戟系列,LI-NING HALBERTEC 8000,LI-NING,李宁,HALBERTEC 8000,LI-NING HALBERTEC 8000,战戟8000 AYPT013 AYPT015 HALBERTEC8000 Lining 战戟系列；LI-NING HALBERTEC 8000；AYPT013；AYPT015；战戟,1680,参考价，非实时成交价；本系统不做交易、库存或下单判断,LI-NING-HALBERTEC-8000,LI-NING HALBERTEC 8000,模糊对应-建议人工确认,已对应,NO,YES,非精确对应，保留人工复核,已标准化商品名；知识库价格不同步，需人工确认
888,N90 III AYPH158 N903 N90三代 Lining 林系列,LI-NING WOODS N90,LI-NING,李宁,WOODS N90,LI-NING WOODS N90,N90 III AYPH158 N903 N90三代 Lining 林系列；LI-NING WOODS N90；N90；AYPH158；N903,2180,参考价，非实时成交价；本系统不做交易、库存或下单判断,LI-NING-WOODS-N90,LI-NING WOODS N90,模糊对应-建议人工确认,已对应（在知识库价格范围内）,NO,YES,非精确对应，保留人工复核,已标准化商品名；知识库价格不同步，需人工确认
891,WOODS N80 LTD AYPG122 N80LTD 黄金剑 Lining 林系列,LI-NING N80,LI-NING,李宁,N80,LI-NING N80,WOODS N80 LTD AYPG122 N80LTD 黄金剑 Lining 林系列；LI-NING N80；N80；AYPG122；N80LTD,280,参考价，非实时成交价；本系统不做交易、库存或下单判断,LI-NING-N80,LI-NING N80,模糊对应-建议人工确认,已对应（在知识库价格范围内）,NO,YES,非精确对应，保留人工复核,已标准化商品名；知识库价格不同步，需人工确认
892,WOODS N90 II N902 N90II AYPE016 Lining 林系列,LI-NING WOODS N90,LI-NING,李宁,WOODS N90,LI-NING WOODS N90,WOODS N90 II N902 N90II AYPE016 Lining 林系列；LI-NING WOODS N90；N90；N902；N90II；AYPE016,2080,参考价，非实时成交价；本系统不做交易、库存或下单判断,LI-NING-WOODS-N90,LI-NING WOODS N90,模糊对应-建议人工确认,已对应（在知识库价格范围内）,NO,YES,非精确对应，保留人工复核,已标准化商品名；知识库价格不同步，需人工确认
893,WOODS N90 N901 啸天林 Lining 林系列,LI-NING WOODS N90,LI-NING,李宁,WOODS N90,LI-NING WOODS N90,WOODS N90 N901 啸天林 Lining 林系列；LI-NING WOODS N90；N90；N901,2380,参考价，非实时成交价；本系统不做交易、库存或下单判断,LI-NING-WOODS-N90,LI-NING WOODS N90,模糊对应-建议人工确认,已对应（在知识库价格范围内）,NO,YES,非精确对应，保留人工复核,已标准化商品名；知识库价格不同步，需人工确认
894,Woods N90ⅡS,LI-NING WOODS N90,LI-NING,李宁,WOODS N90,LI-NING WOODS N90,Woods N90ⅡS；LI-NING WOODS N90,822,参考价，非实时成交价；本系统不做交易、库存或下单判断,LI-NING-WOODS-N90,LI-NING WOODS N90,低置信对应-需人工确认,已按清单价与知识库价平均覆盖,YES,YES,价格已覆盖；名称/型号对应仍建议复核,参考价已按清单价与知识库价平均值覆盖；同步到知识库
895,林系列礼盒 风林火山 AYPT061 Lining 林系列,LI-NING 礼盒 风林火山,LI-NING,李宁,礼盒 风林火山,LI-NING 礼盒 风林火山,林系列礼盒 风林火山 AYPT061 Lining 林系列；LI-NING 礼盒 风林火山；AYPT061,400,参考价，非实时成交价；本系统不做交易、库存或下单判断,LI-NING-礼盒-风林火山,LI-NING 礼盒 风林火山,模糊对应-建议人工确认,已对应（在知识库价格范围内）,NO,YES,非精确对应，保留人工复核,已标准化商品名；知识库价格不同步，需人工确认
896,Air Stream N50 Ⅲ AYPH154 AYPH164 N503 N50III N50三代 Lining 火系列,LI-NING N50-III,LI-NING,李宁,N50-III,LI-NING N50-III,Air Stream N50 Ⅲ AYPH154 AYPH164 N503 N50III N50三代 Lining 火系列；LI-NING N50-III；N50；AYPH154；AYPH164；N503；N50III,400,参考价，非实时成交价；本系统不做交易、库存或下单判断,LI-NING-N50-III,LI-NING N50-III,模糊对应-建议人工确认,已对应,NO,YES,非精确对应，保留人工复核,已标准化商品名；知识库价格不同步，需人工确认
898,FLAME N65 AYPF064 Lining 火系列,LI-NING N65,LI-NING,李宁,N65,LI-NING N65,FLAME N65 AYPF064 Lining 火系列；LI-NING N65；N65；AYPF064,350,参考价，非实时成交价；本系统不做交易、库存或下单判断,LI-NING-N65,LI-NING N65,模糊对应-建议人工确认,已对应,NO,YES,非精确对应，保留人工复核,已标准化商品名；知识库价格不同步，需人工确认
899,Flame N50 AYPD224 N501 N50一代 Lining 火系列,LI-NING FLAME N50,LI-NING,李宁,FLAME N50,LI-NING FLAME N50,Flame N50 AYPD224 N501 N50一代 Lining 火系列；LI-NING FLAME N50；N50；AYPD224；N501,350,参考价，非实时成交价；本系统不做交易、库存或下单判断,LI-NING-FLAME-N50,LI-NING FLAME N50,模糊对应-建议人工确认,已对应（在知识库价格范围内）,NO,YES,非精确对应，保留人工复核,已标准化商品名；知识库价格不同步，需人工确认
900,Flame N50 II AYPE018 N502 N50II Lining 火系列,LI-NING FLAME N50,LI-NING,李宁,FLAME N50,LI-NING FLAME N50,Flame N50 II AYPE018 N502 N50II Lining 火系列；LI-NING FLAME N50；N50；AYPE018；N502；N50II,1880,参考价，非实时成交价；本系统不做交易、库存或下单判断,LI-NING-FLAME-N50,LI-NING FLAME N50,模糊对应-建议人工确认,已对应（在知识库价格范围内）,NO,YES,非精确对应，保留人工复核,已标准化商品名；知识库价格不同步，需人工确认
901,Flame N55 AYPD214 N551 霹雳火 Lining 火系列,LI-NING FLAME N55,LI-NING,李宁,FLAME N55,LI-NING FLAME N55,Flame N55 AYPD214 N551 霹雳火 Lining 火系列；LI-NING FLAME N55；N55；AYPD214；N551,1780,参考价，非实时成交价；本系统不做交易、库存或下单判断,LI-NING-FLAME-N55,LI-NING FLAME N55,模糊对应-建议人工确认,已对应（在知识库价格范围内）,NO,YES,非精确对应，保留人工复核,已标准化商品名；知识库价格不同步，需人工确认
902,Flame N55 Ⅱ AYPE108 N552 N55Ⅱ N55二代 Lining 火系列,LI-NING FLAME N55,LI-NING,李宁,FLAME N55,LI-NING FLAME N55,Flame N55 Ⅱ AYPE108 N552 N55Ⅱ N55二代 Lining 火系列；LI-NING FLAME N55；N55；AYPE108；N552,1880,参考价，非实时成交价；本系统不做交易、库存或下单判断,LI-NING-FLAME-N55,LI-NING FLAME N55,模糊对应-建议人工确认,已对应（在知识库价格范围内）,NO,YES,非精确对应，保留人工复核,已标准化商品名；知识库价格不同步，需人工确认
905,火系列礼盒 风林火山 AYPT063 Lining 火系列,LI-NING 礼盒 风林火山,LI-NING,李宁,礼盒 风林火山,LI-NING 礼盒 风林火山,火系列礼盒 风林火山 AYPT063 Lining 火系列；LI-NING 礼盒 风林火山；AYPT063,400,参考价，非实时成交价；本系统不做交易、库存或下单判断,LI-NING-礼盒-风林火山,LI-NING 礼盒 风林火山,模糊对应-建议人工确认,已对应（在知识库价格范围内）,NO,YES,非精确对应，保留人工复核,已标准化商品名；知识库价格不同步，需人工确认
907,BP300A Lining 立体编织系列,LI-NING BP300A,LI-NING,李宁,BP300A,LI-NING BP300A,BP300A Lining 立体编织系列；LI-NING BP300A；BP300A,400,参考价，非实时成交价；本系统不做交易、库存或下单判断,LI-NING-BP300A,LI-NING BP300A,模糊对应-建议人工确认,已对应,NO,YES,非精确对应，保留人工复核,已标准化商品名；知识库价格不同步，需人工确认
908,BP300B Lining 立体编织系列,LI-NING BP300B,LI-NING,李宁,BP300B,LI-NING BP300B,BP300B Lining 立体编织系列；LI-NING BP300B；BP300B,400,参考价，非实时成交价；本系统不做交易、库存或下单判断,LI-NING-BP300B,LI-NING BP300B,模糊对应-建议人工确认,已对应,NO,YES,非精确对应，保留人工复核,已标准化商品名；知识库价格不同步，需人工确认
909,BP300C Lining 立体编织系列,LI-NING BP300C,LI-NING,李宁,BP300C,LI-NING BP300C,BP300C Lining 立体编织系列；LI-NING BP300C；BP300C,400,参考价，非实时成交价；本系统不做交易、库存或下单判断,LI-NING-BP300C,LI-NING BP300C,模糊对应-建议人工确认,已对应,NO,YES,非精确对应，保留人工复核,已标准化商品名；知识库价格不同步，需人工确认
910,BP301A Lining 立体编织系列,LI-NING BP301A,LI-NING,李宁,BP301A,LI-NING BP301A,BP301A Lining 立体编织系列；LI-NING BP301A；BP301A,400,参考价，非实时成交价；本系统不做交易、库存或下单判断,LI-NING-BP301A,LI-NING BP301A,模糊对应-建议人工确认,已对应,NO,YES,非精确对应，保留人工复核,已标准化商品名；知识库价格不同步，需人工确认
911,BP301B Lining 立体编织系列,LI-NING BP301B,LI-NING,李宁,BP301B,LI-NING BP301B,BP301B Lining 立体编织系列；LI-NING BP301B；BP301B,400,参考价，非实时成交价；本系统不做交易、库存或下单判断,LI-NING-BP301B,LI-NING BP301B,模糊对应-建议人工确认,已对应,NO,YES,非精确对应，保留人工复核,已标准化商品名；知识库价格不同步，需人工确认
912,BP301C Lining 立体编织系列,LI-NING BP301C,LI-NING,李宁,BP301C,LI-NING BP301C,BP301C Lining 立体编织系列；LI-NING BP301C；BP301C,400,参考价，非实时成交价；本系统不做交易、库存或下单判断,LI-NING-BP301C,LI-NING BP301C,模糊对应-建议人工确认,已对应,NO,YES,非精确对应，保留人工复核,已标准化商品名；知识库价格不同步，需人工确认
940,N80 II N80二代 N802 N80II AYPL026 Lining 立体风刃,LI-NING N80,LI-NING,李宁,N80,LI-NING N80,N80 II N80二代 N802 N80II AYPL026 Lining 立体风刃；LI-NING N80；N80；N802；N80II；AYPL026,350,参考价，非实时成交价；本系统不做交易、库存或下单判断,LI-NING-N80,LI-NING N80,模糊对应-建议人工确认,已对应（在知识库价格范围内）,NO,YES,非精确对应，保留人工复核,已标准化商品名；知识库价格不同步，需人工确认
941,N80 S,LI-NING N80,LI-NING,李宁,N80,LI-NING N80,N80 S；LI-NING N80；N80,550,参考价，非实时成交价；本系统不做交易、库存或下单判断,LI-NING-N80,LI-NING N80,低置信对应-需人工确认,已对应（在知识库价格范围内）,NO,YES,非精确对应，保留人工复核,已标准化商品名；知识库价格不同步，需人工确认
942,N80 TD N80TD AYPH006 风刃80TD Lining 立体风刃,LI-NING N80 TD,LI-NING,李宁,N80 TD,LI-NING N80 TD,N80 TD N80TD AYPH006 风刃80TD Lining 立体风刃；LI-NING N80 TD；N80；N80TD；AYPH006,350,参考价，非实时成交价；本系统不做交易、库存或下单判断,LI-NING-N80-TD,LI-NING N80 TD,模糊对应-建议人工确认,已对应,NO,YES,非精确对应，保留人工复核,已标准化商品名；知识库价格不同步，需人工确认
944,N90 IV TD AYPM322 N904TD 904 N90四代TD Lining 立体风刃,LI-NING WOODS N90,LI-NING,李宁,WOODS N90,LI-NING WOODS N90,N90 IV TD AYPM322 N904TD 904 N90四代TD Lining 立体风刃；LI-NING WOODS N90；N90；AYPM322；N904TD,350,参考价，非实时成交价；本系统不做交易、库存或下单判断,LI-NING-WOODS-N90,LI-NING WOODS N90,模糊对应-建议人工确认,已对应（在知识库价格范围内）,NO,YES,非精确对应，保留人工复核,已标准化商品名；知识库价格不同步，需人工确认
945,N90 Ⅲ S N903S AYPK008 N90三代 Lining 立体风刃,LI-NING WOODS N90,LI-NING,李宁,WOODS N90,LI-NING WOODS N90,N90 Ⅲ S N903S AYPK008 N90三代 Lining 立体风刃；LI-NING WOODS N90；N90；N903S；AYPK008,350,参考价，非实时成交价；本系统不做交易、库存或下单判断,LI-NING-WOODS-N90,LI-NING WOODS N90,模糊对应-建议人工确认,已对应（在知识库价格范围内）,NO,YES,非精确对应，保留人工复核,已标准化商品名；知识库价格不同步，需人工确认
980,Turbo Charging N7 AYPH152 能量N7 TCN7 Lining 能量聚合,LI-NING N7,LI-NING,李宁,N7,LI-NING N7,Turbo Charging N7 AYPH152 能量N7 TCN7 Lining 能量聚合；LI-NING N7；N7；AYPH152；TCN7；能量聚合；能量,650,参考价，非实时成交价；本系统不做交易、库存或下单判断,LI-NING-N7,LI-NING N7,模糊对应-建议人工确认,已对应（在知识库价格范围内）,NO,YES,非精确对应，保留人工复核,已标准化商品名；知识库价格不同步，需人工确认
981,Turbo Charging N7 TD AYPL014 N7TD Lining 能量聚合,LI-NING TURBOCHARGING N7-TD,LI-NING,李宁,TURBOCHARGING N7-TD,LI-NING TURBOCHARGING N7-TD,Turbo Charging N7 TD AYPL014 N7TD Lining 能量聚合；LI-NING TURBOCHARGING N7-TD；N7；AYPL014；N7TD；能量聚合；能量,815,参考价，非实时成交价；本系统不做交易、库存或下单判断,LI-NING-TURBO-CHARGING-N7-TD,LI-NING TURBOCHARGING N7-TD,低置信对应-需人工确认,已按清单价与知识库价平均覆盖,YES,YES,价格已覆盖；名称/型号对应仍建议复核,参考价已按清单价与知识库价平均值覆盖；同步到知识库
998,N9 Lining 超导纳米系列,LI-NING TB NANO 270 TB270,LI-NING,李宁,TB NANO 270 TB270,LI-NING TB NANO 270 TB270,N9 Lining 超导纳米系列；LI-NING TB NANO 270 TB270；N9；超导纳米,1030,参考价，非实时成交价；本系统不做交易、库存或下单判断,LI-NING-TB-NANO-270-TB270,LI-NING TB NANO 270 TB270,低置信对应-需人工确认,已按清单价与知识库价平均覆盖,YES,YES,价格已覆盖；名称/型号对应仍建议复核,参考价已按清单价与知识库价平均值覆盖；同步到知识库
1005,TB NANO 201A TB201A Lining 超导纳米系列,LI-NING TB201A,LI-NING,李宁,TB201A,LI-NING TB201A,TB NANO 201A TB201A Lining 超导纳米系列；LI-NING TB201A；NANO201A；TB201A；超导纳米,380,参考价，非实时成交价；本系统不做交易、库存或下单判断,LI-NING-TB201A,LI-NING TB201A,模糊对应-建议人工确认,已对应,NO,YES,非精确对应，保留人工复核,已标准化商品名；知识库价格不同步，需人工确认
1008,TB NANO N10 AYPF292 Lining 超导纳米系列,LI-NING TB-NANO N10,LI-NING,李宁,TB-NANO N10,LI-NING TB-NANO N10,TB NANO N10 AYPF292 Lining 超导纳米系列；LI-NING TB-NANO N10；N10；AYPF292；超导纳米,350,参考价，非实时成交价；本系统不做交易、库存或下单判断,LI-NING-TB-NANO-N10,LI-NING TB-NANO N10,低置信对应-需人工确认,已按清单价与知识库价平均覆盖,YES,YES,价格已覆盖；名称/型号对应仍建议复核,参考价已按清单价与知识库价平均值覆盖；同步到知识库
1020,Ultra Carbon 3000 UC3000 Lining 超碳系列,LI-NING UC3000,LI-NING,李宁,UC3000,LI-NING UC3000,Ultra Carbon 3000 UC3000 Lining 超碳系列；LI-NING UC3000；CARBON3000；UC3000,420,参考价，非实时成交价；本系统不做交易、库存或下单判断,LI-NING-UC3000,LI-NING UC3000,模糊对应-建议人工确认,已对应,NO,YES,非精确对应，保留人工复核,已标准化商品名；知识库价格不同步，需人工确认
1021,Ultra Carbon 3020 UC3020 AYPE122,LI-NING UC3020,LI-NING,李宁,UC3020,LI-NING UC3020,Ultra Carbon 3020 UC3020 AYPE122；LI-NING UC3020；CARBON3020；UC3020；AYPE122,420,参考价，非实时成交价；本系统不做交易、库存或下单判断,LI-NING-UC3020,LI-NING UC3020,模糊对应-建议人工确认,已对应,NO,YES,非精确对应，保留人工复核,已标准化商品名；知识库价格不同步，需人工确认
1022,Ultra Carbon 3100 UC3100 Lining 超碳系列,LI-NING UC3100,LI-NING,李宁,UC3100,LI-NING UC3100,Ultra Carbon 3100 UC3100 Lining 超碳系列；LI-NING UC3100；CARBON3100；UC3100,420,参考价，非实时成交价；本系统不做交易、库存或下单判断,LI-NING-UC3100,LI-NING UC3100,模糊对应-建议人工确认,已对应,NO,YES,非精确对应，保留人工复核,已标准化商品名；知识库价格不同步，需人工确认
1023,Ultra Carbon 3120 UC3120 AYPE124,LI-NING UC3120,LI-NING,李宁,UC3120,LI-NING UC3120,Ultra Carbon 3120 UC3120 AYPE124；LI-NING UC3120；CARBON3120；UC3120；AYPE124,420,参考价，非实时成交价；本系统不做交易、库存或下单判断,LI-NING-UC3120,LI-NING UC3120,模糊对应-建议人工确认,已对应,NO,YES,非精确对应，保留人工复核,已标准化商品名；知识库价格不同步，需人工确认
1024,Ultra Carbon 3220 UC3220 AYPE126 Lining 超碳系列,LI-NING UC3220,LI-NING,李宁,UC3220,LI-NING UC3220,Ultra Carbon 3220 UC3220 AYPE126 Lining 超碳系列；LI-NING UC3220；CARBON3220；UC3220；AYPE126,420,参考价，非实时成交价；本系统不做交易、库存或下单判断,LI-NING-UC3220,LI-NING UC3220,模糊对应-建议人工确认,已对应,NO,YES,非精确对应，保留人工复核,已标准化商品名；知识库价格不同步，需人工确认
1025,Ultra Carbon 3300 UC3300 AYPE128,LI-NING UC3300,LI-NING,李宁,UC3300,LI-NING UC3300,Ultra Carbon 3300 UC3300 AYPE128；LI-NING UC3300；CARBON3300；UC3300；AYPE128,420,参考价，非实时成交价；本系统不做交易、库存或下单判断,LI-NING-UC3300,LI-NING UC3300,模糊对应-建议人工确认,已对应,NO,YES,非精确对应，保留人工复核,已标准化商品名；知识库价格不同步，需人工确认
1026,Ultra Carbon 3320 UC3320 AYPE128,LI-NING UC3320,LI-NING,李宁,UC3320,LI-NING UC3320,Ultra Carbon 3320 UC3320 AYPE128；LI-NING UC3320；CARBON3320；UC3320；AYPE128,420,参考价，非实时成交价；本系统不做交易、库存或下单判断,LI-NING-UC3320,LI-NING UC3320,模糊对应-建议人工确认,已对应,NO,YES,非精确对应，保留人工复核,已标准化商品名；知识库价格不同步，需人工确认
1027,Ultra Carbon 3500 UC3500 AYPE130 Lining 超碳系列,LI-NING UC3500,LI-NING,李宁,UC3500,LI-NING UC3500,Ultra Carbon 3500 UC3500 AYPE130 Lining 超碳系列；LI-NING UC3500；CARBON3500；UC3500；AYPE130,420,参考价，非实时成交价；本系统不做交易、库存或下单判断,LI-NING-UC3500,LI-NING UC3500,模糊对应-建议人工确认,已对应,NO,YES,非精确对应，保留人工复核,已标准化商品名；知识库价格不同步，需人工确认
1028,Ultra Carbon 3520 UC3520 Lining 超碳系列,LI-NING UC3520,LI-NING,李宁,UC3520,LI-NING UC3520,Ultra Carbon 3520 UC3520 Lining 超碳系列；LI-NING UC3520；CARBON3520；UC3520,420,参考价，非实时成交价；本系统不做交易、库存或下单判断,LI-NING-UC3520,LI-NING UC3520,模糊对应-建议人工确认,已对应,NO,YES,非精确对应，保留人工复核,已标准化商品名；知识库价格不同步，需人工确认
1029,Ultra Carbon 3600 UC3600 Lining 超碳系列,LI-NING UC3600,LI-NING,李宁,UC3600,LI-NING UC3600,Ultra Carbon 3600 UC3600 Lining 超碳系列；LI-NING UC3600；CARBON3600；UC3600,420,参考价，非实时成交价；本系统不做交易、库存或下单判断,LI-NING-UC3600,LI-NING UC3600,模糊对应-建议人工确认,已对应,NO,YES,非精确对应，保留人工复核,已标准化商品名；知识库价格不同步，需人工确认
1030,Ultra Carbon 3620 UC3620 Lining 超碳系列,LI-NING UC3620,LI-NING,李宁,UC3620,LI-NING UC3620,Ultra Carbon 3620 UC3620 Lining 超碳系列；LI-NING UC3620；CARBON3620；UC3620,420,参考价，非实时成交价；本系统不做交易、库存或下单判断,LI-NING-UC3620,LI-NING UC3620,模糊对应-建议人工确认,已对应,NO,YES,非精确对应，保留人工复核,已标准化商品名；知识库价格不同步，需人工确认
1031,Ultra Carbon 3700 UC3700 Lining 超碳系列,LI-NING UC3700,LI-NING,李宁,UC3700,LI-NING UC3700,Ultra Carbon 3700 UC3700 Lining 超碳系列；LI-NING UC3700；CARBON3700；UC3700,420,参考价，非实时成交价；本系统不做交易、库存或下单判断,LI-NING-UC3700,LI-NING UC3700,模糊对应-建议人工确认,已对应,NO,YES,非精确对应，保留人工复核,已标准化商品名；知识库价格不同步，需人工确认
1032,Ultra Carbon 3720 uc3720 Lining 超碳系列,LI-NING UC3720,LI-NING,李宁,UC3720,LI-NING UC3720,Ultra Carbon 3720 uc3720 Lining 超碳系列；LI-NING UC3720；CARBON3720；UC3720,420,参考价，非实时成交价；本系统不做交易、库存或下单判断,LI-NING-UC3720,LI-NING UC3720,模糊对应-建议人工确认,已对应,NO,YES,非精确对应，保留人工复核,已标准化商品名；知识库价格不同步，需人工确认
1033,Ultra Carbon 3900 UC3900 Lining 超碳系列,LI-NING UC3900,LI-NING,李宁,UC3900,LI-NING UC3900,Ultra Carbon 3900 UC3900 Lining 超碳系列；LI-NING UC3900；CARBON3900；UC3900,420,参考价，非实时成交价；本系统不做交易、库存或下单判断,LI-NING-UC3900,LI-NING UC3900,模糊对应-建议人工确认,已对应,NO,YES,非精确对应，保留人工复核,已标准化商品名；知识库价格不同步，需人工确认
1034,Ultra Carbon 3920 UC3920 AYPE136 Lining 超碳系列,LI-NING UC3920,LI-NING,李宁,UC3920,LI-NING UC3920,Ultra Carbon 3920 UC3920 AYPE136 Lining 超碳系列；LI-NING UC3920；CARBON3920；UC3920；AYPE136,420,参考价，非实时成交价；本系统不做交易、库存或下单判断,LI-NING-UC3920,LI-NING UC3920,模糊对应-建议人工确认,已对应,NO,YES,非精确对应，保留人工复核,已标准化商品名；知识库价格不同步，需人工确认
1040,210Ti AYPD398 Lining 钛系列,LI-NING 210TI,LI-NING,李宁,210TI,LI-NING 210TI,210Ti AYPD398 Lining 钛系列；LI-NING 210TI；AYPD398,400,参考价，非实时成交价；本系统不做交易、库存或下单判断,LI-NING-210TI,LI-NING 210TI,模糊对应-建议人工确认,已对应,NO,YES,非精确对应，保留人工复核,已标准化商品名；知识库价格不同步，需人工确认
1045,TP100A aypd138 Lining 钛系列,LI-NING TP100A,LI-NING,李宁,TP100A,LI-NING TP100A,TP100A aypd138 Lining 钛系列；LI-NING TP100A；TP100A；AYPD138,400,参考价，非实时成交价；本系统不做交易、库存或下单判断,LI-NING-TP100A,LI-NING TP100A,模糊对应-建议人工确认,已对应,NO,YES,非精确对应，保留人工复核,已标准化商品名；知识库价格不同步，需人工确认
1046,TP100B AYPD132,LI-NING TP100B,LI-NING,李宁,TP100B,LI-NING TP100B,TP100B AYPD132；LI-NING TP100B；TP100B；AYPD132,400,参考价，非实时成交价；本系统不做交易、库存或下单判断,LI-NING-TP100B,LI-NING TP100B,模糊对应-建议人工确认,已对应,NO,YES,非精确对应，保留人工复核,已标准化商品名；知识库价格不同步，需人工确认
1047,TP101A AYPD148,LI-NING TP101A,LI-NING,李宁,TP101A,LI-NING TP101A,TP101A AYPD148；LI-NING TP101A；TP101A；AYPD148,400,参考价，非实时成交价；本系统不做交易、库存或下单判断,LI-NING-TP101A,LI-NING TP101A,模糊对应-建议人工确认,已对应,NO,YES,非精确对应，保留人工复核,已标准化商品名；知识库价格不同步，需人工确认
1048,TP101B AYPD144 Lining 钛系列,LI-NING TP101B,LI-NING,李宁,TP101B,LI-NING TP101B,TP101B AYPD144 Lining 钛系列；LI-NING TP101B；TP101B；AYPD144,400,参考价，非实时成交价；本系统不做交易、库存或下单判断,LI-NING-TP101B,LI-NING TP101B,模糊对应-建议人工确认,已对应,NO,YES,非精确对应，保留人工复核,已标准化商品名；知识库价格不同步，需人工确认
1049,TP101C AYPD140,LI-NING TP101C,LI-NING,李宁,TP101C,LI-NING TP101C,TP101C AYPD140；LI-NING TP101C；TP101C；AYPD140,400,参考价，非实时成交价；本系统不做交易、库存或下单判断,LI-NING-TP101C,LI-NING TP101C,模糊对应-建议人工确认,已对应,NO,YES,非精确对应，保留人工复核,已标准化商品名；知识库价格不同步，需人工确认
1058,锋影600 Ⅱ AYPV015 锋影600Ⅱ 锋影600二代 锋影600NEW BLADEX600NEW Lining 锋影系列,LI-NING BLADEX 600,LI-NING,李宁,BLADEX 600,LI-NING BLADEX 600,锋影600 Ⅱ AYPV015 锋影600Ⅱ 锋影600二代 锋影600NEW BLADEX600NEW Lining 锋影系列；LI-NING 锋影600 II 锋影600II 锋影600二代 锋影600NEW BLADEX600NEW；AYPV015；BLADEX600NEW；锋影,1080,参考价，非实时成交价；本系统不做交易、库存或下单判断,LI-NING-锋影600-II-锋影600II-锋影600二代-锋影600NEW-BLADEX600NEW,LI-NING 锋影600 II 锋影600II 锋影600二代 锋影600NEW BLADEX600NEW,歧义，需要人工确认,已对应,NO,YES,非精确对应，保留人工复核,已标准化商品名；知识库价格不同步，需人工确认
1060,锋影700 荧光明黄 AYPU015 锋影700新色 BLADEX700新色 BX700新色 Lining 锋影系列,LI-NING BLADEX 700,LI-NING,李宁,BLADEX 700,LI-NING BLADEX 700,锋影700 荧光明黄 AYPU015 锋影700新色 BLADEX700新色 BX700新色 Lining 锋影系列；LI-NING 锋影700 荧光明黄 锋影700新色 BLADEX700新色 BX700新色；AYPU015；锋影,1380,参考价，非实时成交价；本系统不做交易、库存或下单判断,LI-NING-锋影700-荧光明黄-锋影700新色-BLADEX700新色-BX700新色,LI-NING 锋影700 荧光明黄 锋影700新色 BLADEX700新色 BX700新色,歧义，需要人工确认,已对应,NO,YES,非精确对应，保留人工复核,已标准化商品名；知识库价格不同步，需人工确认
1063,锋影800 POWER 锋影800POWER BLADEX800POWER 锋影800P AYPW005 Lining 锋影系列,LI-NING BLADEX 800 POWER,LI-NING,李宁,BLADEX 800 POWER,LI-NING BLADEX 800 POWER,锋影800 POWER 锋影800POWER BLADEX800POWER 锋影800P AYPW005 Lining 锋影系列；LI-NING 锋影800 POWER 锋影800POWER BLADEX800POWER 锋影800P；BLADEX800POWER；AYPW005；锋影,1680,参考价，非实时成交价；本系统不做交易、库存或下单判断,LI-NING-锋影800-POWER-锋影800POWER-BLADEX800POWER-锋影800P,LI-NING 锋影800 POWER 锋影800POWER BLADEX800POWER 锋影800P,歧义，需要人工确认,已对应,NO,YES,非精确对应，保留人工复核,已标准化商品名；知识库价格不同步，需人工确认
1065,锋影800NEW AYPT331 锋影800新色 BLADEX800NEW Lining 锋影系列,LI-NING BLADEX 800NEW,LI-NING,李宁,BLADEX 800NEW,LI-NING BLADEX 800NEW,锋影800NEW AYPT331 锋影800新色 BLADEX800NEW Lining 锋影系列；LI-NING BLADEX 800NEW；AYPT331；BLADEX800NEW；锋影,1680,参考价，非实时成交价；本系统不做交易、库存或下单判断,LI-NING-BLADEX-800NEW,LI-NING BLADEX 800NEW,模糊对应-建议人工确认,已对应,NO,YES,非精确对应，保留人工复核,已标准化商品名；知识库价格不同步，需人工确认
1068,锋影900MAX日 AYPT023 AYPT021 BLADEX900MAX日 锋影900MAX 锋影900日 Lining 锋影系列,LI-NING BLADEX 900,LI-NING,李宁,BLADEX 900,LI-NING BLADEX 900,锋影900MAX日 AYPT023 AYPT021 BLADEX900MAX日 锋影900MAX 锋影900日 Lining 锋影系列；LI-NING 锋影900MAX日 BLADEX900MAX日 锋影900MAX 锋影900日；AYPT023；AYPT021；锋影,1780,参考价，非实时成交价；本系统不做交易、库存或下单判断,LI-NING-锋影900MAX日-BLADEX900MAX日-锋影900MAX-锋影900日,LI-NING 锋影900MAX日 BLADEX900MAX日 锋影900MAX 锋影900日,歧义，需要人工确认,已对应,NO,YES,非精确对应，保留人工复核,已标准化商品名；知识库价格不同步，需人工确认
1070,锋影900MAX苏迪曼杯纪念款 900max 日月同辉 Lining 锋影系列,LI-NING BLADEX 900,LI-NING,李宁,BLADEX 900,LI-NING BLADEX 900,锋影900MAX苏迪曼杯纪念款 900max 日月同辉 Lining 锋影系列；LI-NING 锋影900MAX苏迪曼杯纪念 900MAX 日月同辉；锋影,400,参考价，非实时成交价；本系统不做交易、库存或下单判断,LI-NING-锋影900MAX苏迪曼杯纪念-900MAX-日月同辉,LI-NING 锋影900MAX苏迪曼杯纪念 900MAX 日月同辉,歧义，需要人工确认,已对应,NO,YES,非精确对应，保留人工复核,已标准化商品名；知识库价格不同步，需人工确认
1072,锋影900New 大师赛配色 BLADEX900NEW AYPV085 2025深圳大师赛配色 Lining 锋影系列,LI-NING BLADEX 900 NEW,LI-NING,李宁,BLADEX 900 NEW,LI-NING BLADEX 900 NEW,锋影900New 大师赛配色 BLADEX900NEW AYPV085 2025深圳大师赛配色 Lining 锋影系列；LI-NING 锋影900NEW 大师赛配色 BLADEX900NEW 2025深圳大师赛配色；BLADEX900NEW；AYPV085；锋影,1880,参考价，非实时成交价；本系统不做交易、库存或下单判断,LI-NING-锋影900NEW-大师赛配色-BLADEX900NEW-2025深圳大师赛配色,LI-NING 锋影900NEW 大师赛配色 BLADEX900NEW 2025深圳大师赛配色,歧义，需要人工确认,已对应,NO,YES,非精确对应，保留人工复核,已标准化商品名；知识库价格不同步，需人工确认
1083,雷霆10 AXFORCE10 AYPU105 AYPU109 Lining 雷霆系列,LI-NING AXFORCE 10,LI-NING,李宁,AXFORCE 10,LI-NING AXFORCE 10,雷霆10 AXFORCE10 AYPU105 AYPU109 Lining 雷霆系列；LI-NING 雷霆10 AXFORCE10；AXFORCE10；AYPU105；AYPU109,600,参考价，非实时成交价；本系统不做交易、库存或下单判断,LI-NING-雷霆10-AXFORCE10,LI-NING 雷霆10 AXFORCE10,歧义，需要人工确认,已对应,NO,YES,非精确对应，保留人工复核,已标准化商品名；知识库价格不同步，需人工确认
1085,雷霆100 二代 MAX AYPW047 AXFORCE100ⅡMAX Lining 雷霆系列,LI-NING AXFORCE 100,LI-NING,李宁,AXFORCE 100,LI-NING AXFORCE 100,雷霆100 二代 MAX AYPW047 AXFORCE100ⅡMAX Lining 雷霆系列；LI-NING 雷霆100 二代 MAX AXFORCE100IIMAX；AYPW047,1880,参考价，非实时成交价；本系统不做交易、库存或下单判断,LI-NING-雷霆100-二代-MAX-AXFORCE100IIMAX,LI-NING 雷霆100 二代 MAX AXFORCE100IIMAX,歧义，需要人工确认,已对应,NO,YES,非精确对应，保留人工复核,已标准化商品名；知识库价格不同步，需人工确认
1089,雷霆30 AXFORCE30 AYPV005 30EX,LI-NING AXFORCE 30,LI-NING,李宁,AXFORCE 30,LI-NING AXFORCE 30,雷霆30 AXFORCE30 AYPV005 30EX；LI-NING 雷霆30 AXFORCE30 30EX；AXFORCE30；AYPV005,480,参考价，非实时成交价；本系统不做交易、库存或下单判断,LI-NING-雷霆30-AXFORCE30-30EX,LI-NING 雷霆30 AXFORCE30 30EX,歧义，需要人工确认,已对应,NO,YES,非精确对应，保留人工复核,已标准化商品名；知识库价格不同步，需人工确认
1095,雷霆80 AYPS002 AYPS004 AYPS006 AXFORCE80 雷霆AX80 AF80 Lining 雷霆系列,LI-NING AXFORCE 80,LI-NING,李宁,AXFORCE 80,LI-NING AXFORCE 80,雷霆80 AYPS002 AYPS004 AYPS006 AXFORCE80 雷霆AX80 AF80 Lining 雷霆系列；LI-NING AXFORCE 80；AYPS002；AYPS004；AYPS006；AXFORCE80；AF80,1680,参考价，非实时成交价；本系统不做交易、库存或下单判断,LI-NING-AXFORCE-80,LI-NING AXFORCE 80,模糊对应-建议人工确认,已对应,NO,YES,非精确对应，保留人工复核,已标准化商品名；知识库价格不同步，需人工确认
1098,雷霆80 Light AXFORCE80Light AYPV035 雷霆80L Lining 雷霆系列,LI-NING AXFORCE 80,LI-NING,李宁,AXFORCE 80,LI-NING AXFORCE 80,雷霆80 Light AXFORCE80Light AYPV035 雷霆80L Lining 雷霆系列；LI-NING 雷霆80 LIGHT AXFORCE80LIGHT 雷霆80L；AXFORCE80LIGHT；AYPV035,1680,参考价，非实时成交价；本系统不做交易、库存或下单判断,LI-NING-雷霆80-LIGHT-AXFORCE80LIGHT-雷霆80L,LI-NING 雷霆80 LIGHT AXFORCE80LIGHT 雷霆80L,歧义，需要人工确认,已对应,NO,YES,非精确对应，保留人工复核,已标准化商品名；知识库价格不同步，需人工确认
1099,雷霆80 Ⅱ AYPW049 AXFORCE80Ⅱ 雷霆80二代 Lining 雷霆系列,LI-NING AXFORCE 80,LI-NING,李宁,AXFORCE 80,LI-NING AXFORCE 80,雷霆80 Ⅱ AYPW049 AXFORCE80Ⅱ 雷霆80二代 Lining 雷霆系列；LI-NING 雷霆80 II AXFORCE80II 雷霆80二代；AYPW049,1680,参考价，非实时成交价；本系统不做交易、库存或下单判断,LI-NING-雷霆80-II-AXFORCE80II-雷霆80二代,LI-NING 雷霆80 II AXFORCE80II 雷霆80二代,歧义，需要人工确认,已对应,NO,YES,非精确对应，保留人工复核,已标准化商品名；知识库价格不同步，需人工确认
1102,雷霆90MAX 虎 礼盒版 AYPS065 AYPS063 AXFORCE90MAX 雷霆90虎礼盒 Lining 雷霆系列,LI-NING AXFORCE 90 MAX,LI-NING,李宁,AXFORCE 90 MAX,LI-NING AXFORCE 90 MAX,雷霆90MAX 虎 礼盒版 AYPS065 AYPS063 AXFORCE90MAX 雷霆90虎礼盒 Lining 雷霆系列；LI-NING 雷霆90MAX 虎 礼盒版 AXFORCE90MAX 雷霆90虎礼盒；AYPS065；AYPS063；AXFORCE90MAX,900,参考价，非实时成交价；本系统不做交易、库存或下单判断,LI-NING-雷霆90MAX-虎-礼盒版-AXFORCE90MAX-雷霆90虎礼盒,LI-NING 雷霆90MAX 虎 礼盒版 AXFORCE90MAX 雷霆90虎礼盒,歧义，需要人工确认,已对应,NO,YES,非精确对应，保留人工复核,已标准化商品名；知识库价格不同步，需人工确认
1103,雷霆90MAX 龙 礼盒版 AXFORCE90MAX AYPS065 AYPS063 雷霆90龙礼盒 Lining 雷霆系列,LI-NING AXFORCE 90 MAX,LI-NING,李宁,AXFORCE 90 MAX,LI-NING AXFORCE 90 MAX,雷霆90MAX 龙 礼盒版 AXFORCE90MAX AYPS065 AYPS063 雷霆90龙礼盒 Lining 雷霆系列；LI-NING 雷霆90MAX 龙 礼盒版 AXFORCE90MAX 雷霆90龙礼盒；AXFORCE90MAX；AYPS065；AYPS063,2080,参考价，非实时成交价；本系统不做交易、库存或下单判断,LI-NING-雷霆90MAX-龙-礼盒版-AXFORCE90MAX-雷霆90龙礼盒,LI-NING 雷霆90MAX 龙 礼盒版 AXFORCE90MAX 雷霆90龙礼盒,歧义，需要人工确认,已对应,NO,YES,非精确对应，保留人工复核,已标准化商品名；知识库价格不同步，需人工确认
1105,雷霆90NEW马年限定 AXFORCE90NEW马年 Lining 雷霆系列,LI-NING AXFORCE 90,LI-NING,李宁,AXFORCE 90,LI-NING AXFORCE 90,雷霆90NEW马年限定 AXFORCE90NEW马年 Lining 雷霆系列；LI-NING 雷霆90NEW马年限定 AXFORCE90NEW马年,1880,参考价，非实时成交价；本系统不做交易、库存或下单判断,LI-NING-雷霆90NEW马年限定-AXFORCE90NEW马年,LI-NING 雷霆90NEW马年限定 AXFORCE90NEW马年,歧义，需要人工确认,已对应,NO,YES,非精确对应，保留人工复核,已标准化商品名；知识库价格不同步，需人工确认
1106,雷霆JR AYPS085,LI-NING AXFORCE JR,LI-NING,李宁,AXFORCE JR,LI-NING AXFORCE JR,雷霆JR AYPS085；LI-NING AXFORCE JR；AYPS085,600,参考价，非实时成交价；本系统不做交易、库存或下单判断,LI-NING-AXFORCE-JR,LI-NING AXFORCE JR,模糊对应-建议人工确认,已对应,NO,YES,非精确对应，保留人工复核,已标准化商品名；知识库价格不同步，需人工确认
1108,雷霆小钢炮 AYPT307 AYPT311 小钢炮 Lining 雷霆系列,LI-NING 雷霆小钢炮 AYPT307 AYPT311 小钢炮 雷霆系列,LI-NING,李宁,雷霆小钢炮 AYPT307 AYPT311 小钢炮 雷霆系列,LI-NING 雷霆小钢炮 AYPT307 AYPT311 小钢炮 雷霆系列,雷霆小钢炮 AYPT307 AYPT311 小钢炮 Lining 雷霆系列；LI-NING 雷霆小钢炮 AYPT307 AYPT311 小钢炮 雷霆系列；AYPT307；AYPT311,300,参考价，非实时成交价；本系统不做交易、库存或下单判断,LI-NING-AYPT307-AYPT311,LI-NING 雷霆小钢炮 AYPT307 AYPT311 小钢炮 雷霆系列,模糊对应-建议人工确认,已对应,NO,YES,非精确对应，保留人工复核,已标准化商品名；知识库价格不同步，需人工确认
1119,AERONAUT 6000D 风动6000D AYPQ014 Lining 风动导流,LI-NING AERONAUT 6000D,LI-NING,李宁,AERONAUT 6000D,LI-NING AERONAUT 6000D,AERONAUT 6000D 风动6000D AYPQ014 Lining 风动导流；LI-NING AERONAUT 6000D 风动6000D；AERONAUT6000D；AYPQ014；风动；风动导流,750,参考价，非实时成交价；本系统不做交易、库存或下单判断,LI-NING-AERONAUT-6000D-风动6000D,LI-NING AERONAUT 6000D 风动6000D,歧义，需要人工确认,已对应,NO,YES,非精确对应，保留人工复核,已标准化商品名；知识库价格不同步，需人工确认
1120,AERONAUT 6000I 风动6000I AYPR006 Lining 风动导流,LI-NING AERONAUT 6000I,LI-NING,李宁,AERONAUT 6000I,LI-NING AERONAUT 6000I,AERONAUT 6000I 风动6000I AYPR006 Lining 风动导流；LI-NING AERONAUT 6000I 风动6000I；AERONAUT6000I；AYPR006；风动；风动导流,990,参考价，非实时成交价；本系统不做交易、库存或下单判断,LI-NING-AERONAUT-6000I-风动6000I,LI-NING AERONAUT 6000I 风动6000I,歧义，需要人工确认,已对应,NO,YES,非精确对应，保留人工复核,已标准化商品名；知识库价格不同步，需人工确认
1124,AERONAUT 7000I 粉色 风动7000I AYPP238 Lining 风动导流,LI-NING AERONAUT 7000I,LI-NING,李宁,AERONAUT 7000I,LI-NING AERONAUT 7000I,AERONAUT 7000I 粉色 风动7000I AYPP238 Lining 风动导流；LI-NING AERONAUT 7000I 粉色 风动7000I；AERONAUT7000I；AYPP238；风动；风动导流,650,参考价，非实时成交价；本系统不做交易、库存或下单判断,LI-NING-AERONAUT-7000I-粉色-风动7000I,LI-NING AERONAUT 7000I 粉色 风动7000I,歧义，需要人工确认,已对应,NO,YES,非精确对应，保留人工复核,已标准化商品名；知识库价格不同步，需人工确认
1125,AERONAUT 7000I 青紫 风动7000i AYPP028 Lining 风动导流,LI-NING AERONAUT 7000I,LI-NING,李宁,AERONAUT 7000I,LI-NING AERONAUT 7000I,AERONAUT 7000I 青紫 风动7000i AYPP028 Lining 风动导流；LI-NING AERONAUT 7000I 青紫 风动7000I；AERONAUT7000I；AYPP028；风动；风动导流,1780,参考价，非实时成交价；本系统不做交易、库存或下单判断,LI-NING-AERONAUT-7000I-青紫-风动7000I,LI-NING AERONAUT 7000I 青紫 风动7000I,歧义，需要人工确认,已对应,NO,YES,非精确对应，保留人工复核,已标准化商品名；知识库价格不同步，需人工确认
1131,AERONAUT 9000C（城势版） AYPR152,LI-NING AERONAUT 9000C,LI-NING,李宁,AERONAUT 9000C,LI-NING AERONAUT 9000C,AERONAUT 9000C（城势版） AYPR152；LI-NING AERONAUT 9000C；AERONAUT9000C；AYPR152,2180,参考价，非实时成交价；本系统不做交易、库存或下单判断,LI-NING-AERONAUT-9000C-城势版,LI-NING AERONAUT 9000C,歧义，需要人工确认,已对应,NO,YES,非精确对应，保留人工复核,已标准化商品名；知识库价格不同步，需人工确认
1133,AERONAUT 9000I 9000i 风动9000I AYPR004 Lining 风动导流,LI-NING AERONAUT 9000I,LI-NING,李宁,AERONAUT 9000I,LI-NING AERONAUT 9000I,AERONAUT 9000I 9000i 风动9000I AYPR004 Lining 风动导流；LI-NING AERONAUT 9000I 9000I 风动9000I；AERONAUT9000I；AYPR004；风动；风动导流,2180,参考价，非实时成交价；本系统不做交易、库存或下单判断,LI-NING-AERONAUT-9000I-9000I-风动9000I,LI-NING AERONAUT 9000I 9000I 风动9000I,歧义，需要人工确认,已对应,NO,YES,非精确对应，保留人工复核,已标准化商品名；知识库价格不同步，需人工确认
1136,Air Stream 99TD AYPL134 N99 AlRSTREAM99TD Lining 风动导流,LI-NING N99,LI-NING,李宁,N99,LI-NING N99,Air Stream 99TD AYPL134 N99 AlRSTREAM99TD Lining 风动导流；LI-NING N99；STREAM99TD；AYPL134；N99；风动；风动导流,750,参考价，非实时成交价；本系统不做交易、库存或下单判断,LI-NING-N99,LI-NING N99,模糊对应-建议人工确认,已对应（在知识库价格范围内）,NO,YES,非精确对应，保留人工复核,已标准化商品名；知识库价格不同步，需人工确认
1137,AirStream N99 AYPL024 Lining 风动导流,LI-NING AERONAUT 4000B 风动4000B AERONAUT4000B,LI-NING,李宁,AERONAUT 4000B 风动4000B AERONAUT4000B,LI-NING AERONAUT 4000B 风动4000B AERONAUT4000B,AirStream N99 AYPL024 Lining 风动导流；LI-NING AERONAUT 4000B 风动4000B AERONAUT4000B；N99；AYPL024；风动；风动导流,815,参考价，非实时成交价；本系统不做交易、库存或下单判断,LI-NING-AERONAUT-4000B-风动4000B-AERONAUT4000B,LI-NING AERONAUT 4000B 风动4000B AERONAUT4000B,低置信对应-需人工确认,已按清单价与知识库价平均覆盖,YES,YES,价格已覆盖；名称/型号对应仍建议复核,参考价已按清单价与知识库价平均值覆盖；同步到知识库
1138,AirStream N99 奥运纪念 AYPM032 AYPM034 AYPL098 N99黑金 N99蓝银 Lining 风动导流,LI-NING N99,LI-NING,李宁,N99,LI-NING N99,AirStream N99 奥运纪念 AYPM032 AYPM034 AYPL098 N99黑金 N99蓝银 Lining 风动导流；LI-NING N99；N99；AYPM032；AYPM034；AYPL098；风动；风动导流,2180,参考价，非实时成交价；本系统不做交易、库存或下单判断,LI-NING-N99,LI-NING N99,模糊对应-建议人工确认,已对应（在知识库价格范围内）,NO,YES,非精确对应，保留人工复核,已标准化商品名；知识库价格不同步，需人工确认
1139,Flame N55 Ⅲ AYPH148 AYPH162 N55三代 N553 N55Ⅲ Lining 风动导流,LI-NING FLAME N55,LI-NING,李宁,FLAME N55,LI-NING FLAME N55,Flame N55 Ⅲ AYPH148 AYPH162 N55三代 N553 N55Ⅲ Lining 风动导流；LI-NING FLAME N55；N55；AYPH148；AYPH162；N553；风动；风动导流,1880,参考价，非实时成交价；本系统不做交易、库存或下单判断,LI-NING-FLAME-N55,LI-NING FLAME N55,模糊对应-建议人工确认,已对应（在知识库价格范围内）,NO,YES,非精确对应，保留人工复核,已标准化商品名；知识库价格不同步，需人工确认
1157,WindStorm N77 II N77二代 Lining 风暴系列,LI-NING N77,LI-NING,李宁,N77,LI-NING N77,WindStorm N77 II N77二代 Lining 风暴系列；LI-NING N77；N77,350,参考价，非实时成交价；本系统不做交易、库存或下单判断,LI-NING-N77,LI-NING N77,模糊对应-建议人工确认,已对应（在知识库价格范围内）,NO,YES,非精确对应，保留人工复核,已标准化商品名；知识库价格不同步，需人工确认
1158,Windstorm N60 WSN60 风暴N60 Lining 风暴系列,LI-NING N60,LI-NING,李宁,N60,LI-NING N60,Windstorm N60 WSN60 风暴N60 Lining 风暴系列；LI-NING N60；N60；WSN60,350,参考价，非实时成交价；本系统不做交易、库存或下单判断,LI-NING-N60,LI-NING N60,模糊对应-建议人工确认,已对应,NO,YES,非精确对应，保留人工复核,已标准化商品名；知识库价格不同步，需人工确认
1160,STORM N70 II N70II N702 n70二代 Lining 风系列,LI-NING N70-II,LI-NING,李宁,N70-II,LI-NING N70-II,STORM N70 II N70II N702 n70二代 Lining 风系列；LI-NING N70-II；N70；N70II；N702,400,参考价，非实时成交价；本系统不做交易、库存或下单判断,LI-NING-N70-II,LI-NING N70-II,模糊对应-建议人工确认,已对应,NO,YES,非精确对应，保留人工复核,已标准化商品名；知识库价格不同步，需人工确认
1161,STORM N70 鲍春来 御凌风 Lining 风系列,LI-NING N70,LI-NING,李宁,N70,LI-NING N70,STORM N70 鲍春来 御凌风 Lining 风系列；LI-NING N70；N70,1680,参考价，非实时成交价；本系统不做交易、库存或下单判断,LI-NING-N70,LI-NING N70,模糊对应-建议人工确认,已对应,NO,YES,非精确对应，保留人工复核,已标准化商品名；知识库价格不同步，需人工确认
1162,STORM N77 疾影风 杜靖 于洋 AYPD220 Lining 风系列,LI-NING N77,LI-NING,李宁,N77,LI-NING N77,STORM N77 疾影风 杜靖 于洋 AYPD220 Lining 风系列；LI-NING N77；N77；AYPD220,400,参考价，非实时成交价；本系统不做交易、库存或下单判断,LI-NING-N77,LI-NING N77,模糊对应-建议人工确认,已对应（在知识库价格范围内）,NO,YES,非精确对应，保留人工复核,已标准化商品名；知识库价格不同步，需人工确认
1163,风系列礼盒 风林火山 AYPT059 Lining 风系列,LI-NING 礼盒 风林火山,LI-NING,李宁,礼盒 风林火山,LI-NING 礼盒 风林火山,风系列礼盒 风林火山 AYPT059 Lining 风系列；LI-NING 礼盒 风林火山；AYPT059,1288,参考价，非实时成交价；本系统不做交易、库存或下单判断,LI-NING-礼盒-风林火山,LI-NING 礼盒 风林火山,模糊对应-建议人工确认,已对应（在知识库价格范围内）,NO,YES,非精确对应，保留人工复核,已标准化商品名；知识库价格不同步，需人工确认
1168,High Carbon 1150/1050 HC1050 HC1150 Lining 高碳系列,LI-NING HC1050,LI-NING,李宁,HC1050,LI-NING HC1050,High Carbon 1150/1050 HC1050 HC1150 Lining 高碳系列；LI-NING HC1050；CARBON1150；HC1050；HC1150；高碳系列,350,参考价，非实时成交价；本系统不做交易、库存或下单判断,LI-NING-HC1050,LI-NING HC1050,模糊对应-建议人工确认,已对应,NO,YES,非精确对应，保留人工复核,已标准化商品名；知识库价格不同步，需人工确认
1169,High Carbon 1200 HC1200 AYPE158 Lining 高碳系列,LI-NING HC1200,LI-NING,李宁,HC1200,LI-NING HC1200,High Carbon 1200 HC1200 AYPE158 Lining 高碳系列；LI-NING HC1200；CARBON1200；HC1200；AYPE158；高碳系列,350,参考价，非实时成交价；本系统不做交易、库存或下单判断,LI-NING-HC1200,LI-NING HC1200,模糊对应-建议人工确认,已对应,NO,YES,非精确对应，保留人工复核,已标准化商品名；知识库价格不同步，需人工确认
1170,High Carbon 1200 橙色 AYPK092 HC1200 Lining 高碳系列,LI-NING HC1200,LI-NING,李宁,HC1200,LI-NING HC1200,High Carbon 1200 橙色 AYPK092 HC1200 Lining 高碳系列；LI-NING HC1200；CARBON1200；AYPK092；HC1200；高碳系列,350,参考价，非实时成交价；本系统不做交易、库存或下单判断,LI-NING-HC1200,LI-NING HC1200,模糊对应-建议人工确认,已对应,NO,YES,非精确对应，保留人工复核,已标准化商品名；知识库价格不同步，需人工确认
1171,High Carbon 1200 粉色 HC1200 AYPR016 Lining 高碳系列,LI-NING HC1200,LI-NING,李宁,HC1200,LI-NING HC1200,High Carbon 1200 粉色 HC1200 AYPR016 Lining 高碳系列；LI-NING HC1200；CARBON1200；HC1200；AYPR016；高碳系列,350,参考价，非实时成交价；本系统不做交易、库存或下单判断,LI-NING-HC1200,LI-NING HC1200,模糊对应-建议人工确认,已对应,NO,YES,非精确对应，保留人工复核,已标准化商品名；知识库价格不同步，需人工确认
1172,High Carbon 1200 蓝色 HC1200 AYPR018 Lining 高碳系列,LI-NING HC1200,LI-NING,李宁,HC1200,LI-NING HC1200,High Carbon 1200 蓝色 HC1200 AYPR018 Lining 高碳系列；LI-NING HC1200；CARBON1200；HC1200；AYPR018；高碳系列,350,参考价，非实时成交价；本系统不做交易、库存或下单判断,LI-NING-HC1200,LI-NING HC1200,模糊对应-建议人工确认,已对应,NO,YES,非精确对应，保留人工复核,已标准化商品名；知识库价格不同步，需人工确认
1173,High Carbon 1250 HC1250 Lining 高碳系列,LI-NING HC1250,LI-NING,李宁,HC1250,LI-NING HC1250,High Carbon 1250 HC1250 Lining 高碳系列；LI-NING HC1250；CARBON1250；HC1250；高碳系列,350,参考价，非实时成交价；本系统不做交易、库存或下单判断,LI-NING-HC1250,LI-NING HC1250,模糊对应-建议人工确认,已对应,NO,YES,非精确对应，保留人工复核,已标准化商品名；知识库价格不同步，需人工确认
